matched_area_clean,total_facilities,beds,cots,operational_norm,anc,art,beoc,blood,caes_sec,ceoc,epi,fp,growm,hbc,hct,ipd,opd,outreach,pmtct,rad_xray,rhtc_rhdc,tb_diag,tb_labs,tb_treat,youth,area_clean,total,population,facilities_per_10k,beds_per_10k,cots_per_10k,operational_count,pct_operational,anc_pct,art_pct,beoc_pct,blood_pct,caes_sec_pct,ceoc_pct,epi_pct,fp_pct,growm_pct,hbc_pct,hct_pct,ipd_pct,opd_pct,outreach_pct,pmtct_pct,rad_xray_pct,rhtc_rhdc_pct,tb_diag_pct,tb_labs_pct,tb_treat_pct,youth_pct
ATHI RIVER,52,247.0,36.0,39,0,1,0,0,0,0,0,23,0,5,0,23,0,0,0,0,0,0,0,0,0,ATHI RIVER,322499.0,322499.0,1.612408100490234,7.658938477328611,1.1162825311086235,39,75.0,0.0,1.9230769230769231,0.0,0.0,0.0,0.0,0.0,44.230769230769226,0.0,9.615384615384617,0.0,44.230769230769226,0.0,0.0,0.0,0.0,0.0,0.0,0.0,0.0,0.0
AWENDO,23,152.0,3.0,22,0,2,0,0,0,0,0,13,0,13,0,13,0,0,0,0,0,0,0,0,0,AWENDO,117290.0,117290.0,1.960951487765368,12.959331571318954,0.2557762810128741,22,95.65217391304348,0.0,8.695652173913043,0.0,0.0,0.0,0.0,0.0,56.52173913043478,0.0,56.52173913043478,0.0,56.52173913043478,0.0,0.0,0.0,0.0,0.0,0.0,0.0,0.0,0.0
BALAMBALA,8,8.0,2.0,8,0,0,0,0,0,0,0,5,0,0,0,7,0,0,0,0,0,0,0,0,0,BALAMBALA,32257.0,32257.0,2.4800818427008093,2.4800818427008093,0.6200204606752023,8,100.0,0.0,0.0,0.0,0.0,0.0,0.0,0.0,62.5,0.0,0.0,0.0,87.5,0.0,0.0,0.0,0.0,0.0,0.0,0.0,0.0,0.0
BANISA,7,3.0,0.0,7,0,0,0,0,0,0,0,4,0,0,0,2,0,0,0,0,0,0,0,0,0,BANISA,152598.0,152598.0,0.4587216084090224,0.19659497503243817,0.0,7,100.0,0.0,0.0,0.0,0.0,0.0,0.0,0.0,57.14285714285714,0.0,0.0,0.0,28.57142857142857,0.0,0.0,0.0,0.0,0.0,0.0,0.0,0.0,0.0
BARINGO CENTRAL,54,254.0,19.0,48,0,1,0,0,0,0,0,20,0,19,0,22,0,0,0,0,0,0,0,0,0,BARINGO CENTRAL,96951.0,96951.0,5.569823931676827,26.198801456405814,1.9597528648492537,48,88.88888888888889,0.0,1.8518518518518516,0.0,0.0,0.0,0.0,0.0,37.03703703703704,0.0,35.18518518518518,0.0,40.74074074074074,0.0,0.0,0.0,0.0,0.0,0.0,0.0,0.0,0.0
BARINGO NORTH,45,35.0,0.0,43,0,0,0,0,0,0,0,33,0,18,0,20,0,0,0,0,0,0,0,0,0,BARINGO NORTH,104871.0,104871.0,4.290986068598564,3.3374336089099943,0.0,43,95.55555555555556,0.0,0.0,0.0,0.0,0.0,0.0,0.0,73.33333333333333,0.0,40.0,0.0,44.44444444444444,0.0,0.0,0.0,0.0,0.0,0.0,0.0,0.0,0.0
BELGUT,66,100.0,14.0,59,0,5,0,0,0,0,0,25,0,7,0,25,0,0,0,0,0,0,0,0,0,BELGUT,145072.0,145072.0,4.549465093195103,6.893128929083489,0.9650380500716885,59,89.39393939393939,0.0,7.575757575757576,0.0,0.0,0.0,0.0,0.0,37.878787878787875,0.0,10.606060606060606,0.0,37.878787878787875,0.0,0.0,0.0,0.0,0.0,0.0,0.0,0.0,0.0
BOMET CENTRAL,28,214.0,1100.0,23,0,0,0,0,0,0,0,2,0,1,0,2,0,0,0,0,0,0,0,0,0,BOMET CENTRAL,175215.0,175215.0,1.5980366977713094,12.213566190109294,62.78001312673002,23,82.14285714285714,0.0,0.0,0.0,0.0,0.0,0.0,0.0,7.142857142857142,0.0,3.571428571428571,0.0,7.142857142857142,0.0,0.0,0.0,0.0,0.0,0.0,0.0,0.0,0.0
BOMET EAST,12,159.0,6.0,10,0,0,0,0,0,0,0,0,0,0,0,0,0,0,0,0,0,0,0,0,0,BOMET EAST,144275.0,144275.0,0.8317449315543233,11.020620343094784,0.41587246577716164,10,83.33333333333334,0.0,0.0,0.0,0.0,0.0,0.0,0.0,0.0,0.0,0.0,0.0,0.0,0.0,0.0,0.0,0.0,0.0,0.0,0.0,0.0,0.0
BONDO,41,204.0,7.0,41,0,7,0,0,0,0,0,26,0,27,0,27,0,0,0,0,0,0,0,0,0,BONDO,197883.0,197883.0,2.071931393803409,10.30912205697306,0.3537443843078991,41,100.0,0.0,17.073170731707318,0.0,0.0,0.0,0.0,0.0,63.41463414634146,0.0,65.85365853658537,0.0,65.85365853658537,0.0,0.0,0.0,0.0,0.0,0.0,0.0,0.0,0.0
BORABU,36,186.0,4.0,36,0,1,0,0,0,0,0,30,0,25,0,31,0,0,0,0,0,0,0,0,0,BORABU,73167.0,73167.0,4.920250932797573,25.42129648612079,0.5466945480886192,36,100.0,0.0,2.7777777777777777,0.0,0.0,0.0,0.0,0.0,83.33333333333334,0.0,69.44444444444444,0.0,86.11111111111111,0.0,0.0,0.0,0.0,0.0,0.0,0.0,0.0,0.0
BUMULA,11,107.0,4.0,10,0,3,0,0,0,0,0,9,0,1,0,9,0,0,0,0,0,0,0,0,0,BUMULA,215892.0,215892.0,0.5095140162673929,4.956181794601004,0.18527782409723378,10,90.9090909090909,0.0,27.27272727272727,0.0,0.0,0.0,0.0,0.0,81.81818181818183,0.0,9.090909090909092,0.0,81.81818181818183,0.0,0.0,0.0,0.0,0.0,0.0,0.0,0.0,0.0
BUNA,8,7.0,2.0,5,0,0,0,0,0,0,0,3,0,1,0,2,0,0,0,0,0,0,0,0,0,BUNA,49886.0,49886.0,1.6036563364470993,1.403199294391212,0.4009140841117748,5,62.5,0.0,0.0,0.0,0.0,0.0,0.0,0.0,37.5,0.0,12.5,0.0,25.0,0.0,0.0,0.0,0.0,0.0,0.0,0.0,0.0,0.0
BUNGOMA CENTRAL,18,40.0,0.0,17,0,2,0,0,0,0,0,9,0,0,0,4,0,0,0,0,0,0,0,0,0,BUNGOMA CENTRAL,177748.0,177748.0,1.012669622161712,2.250376938137138,0.0,17,94.44444444444444,0.0,11.11111111111111,0.0,0.0,0.0,0.0,0.0,50.0,0.0,0.0,0.0,22.22222222222222,0.0,0.0,0.0,0.0,0.0,0.0,0.0,0.0,0.0
BUNGOMA EAST,35,142.0,0.0,30,0,3,0,0,0,0,0,17,0,13,0,14,0,0,0,0,0,0,0,0,0,BUNGOMA EAST,114548.0,114548.0,3.0554876558298703,12.396549917938332,0.0,30,85.71428571428571,0.0,8.571428571428571,0.0,0.0,0.0,0.0,0.0,48.57142857142857,0.0,37.142857142857146,0.0,40.0,0.0,0.0,0.0,0.0,0.0,0.0,0.0,0.0,0.0
BUNGOMA NORTH,19,98.0,4.0,19,0,1,0,0,0,0,0,10,0,3,0,9,0,0,0,0,0,0,0,0,0,BUNGOMA NORTH,121317.0,121317.0,1.5661448931312183,8.078010501413651,0.3297147143434143,19,100.0,0.0,5.263157894736842,0.0,0.0,0.0,0.0,0.0,52.63157894736842,0.0,15.789473684210526,0.0,47.368421052631575,0.0,0.0,0.0,0.0,0.0,0.0,0.0,0.0,0.0
BUNGOMA SOUTH,46,517.0,34.0,40,0,4,0,0,0,0,0,14,0,0,0,13,0,0,0,0,0,0,0,0,0,BUNGOMA SOUTH,287765.0,287765.0,1.5985265755043179,17.966048685559397,1.1815196427640609,40,86.95652173913044,0.0,8.695652173913043,0.0,0.0,0.0,0.0,0.0,30.434782608695656,0.0,0.0,0.0,28.26086956521739,0.0,0.0,0.0,0.0,0.0,0.0,0.0,0.0,0.0
BUNGOMA WEST,9,56.0,0.0,9,0,3,0,0,0,0,0,8,0,0,0,6,0,0,0,0,0,0,0,0,0,BUNGOMA WEST,119875.0,119875.0,0.7507820646506779,4.671532846715329,0.0,9,100.0,0.0,33.33333333333333,0.0,0.0,0.0,0.0,0.0,88.88888888888889,0.0,0.0,0.0,66.66666666666666,0.0,0.0,0.0,0.0,0.0,0.0,0.0,0.0,0.0
BUNYALA,10,87.0,10.0,8,0,2,0,0,0,0,0,6,0,7,0,7,0,0,0,0,0,0,0,0,0,BUNYALA,85977.0,85977.0,1.1631017597729625,10.118985310024774,1.1631017597729625,8,80.0,0.0,20.0,0.0,0.0,0.0,0.0,0.0,60.0,0.0,70.0,0.0,70.0,0.0,0.0,0.0,0.0,0.0,0.0,0.0,0.0,0.0
BURA,18,32.0,0.0,18,0,2,0,0,0,0,0,10,0,2,0,9,0,0,0,0,0,0,0,0,0,,,,,,,18,100.0,0.0,11.11111111111111,0.0,0.0,0.0,0.0,0.0,55.55555555555556,0.0,11.11111111111111,0.0,50.0,0.0,0.0,0.0,0.0,0.0,0.0,0.0,0.0,0.0
BURETI,31,450.0,28.0,31,0,3,0,0,0,0,0,21,0,6,0,19,0,0,0,0,0,0,0,0,0,BURETI,199470.0,199470.0,1.554118413796561,22.559783426079107,1.4037198576227001,31,100.0,0.0,9.67741935483871,0.0,0.0,0.0,0.0,0.0,67.74193548387096,0.0,19.35483870967742,0.0,61.29032258064516,0.0,0.0,0.0,0.0,0.0,0.0,0.0,0.0,0.0
BUSIA,22,374.0,84.0,22,0,2,0,0,0,0,0,9,0,8,0,8,0,0,0,0,0,0,0,0,0,BUSIA,893681.0,893681.0,0.24617285138656858,4.184938473571666,0.939932705294171,22,100.0,0.0,9.090909090909092,0.0,0.0,0.0,0.0,0.0,40.909090909090914,0.0,36.36363636363637,0.0,36.36363636363637,0.0,0.0,0.0,0.0,0.0,0.0,0.0,0.0,0.0
BUSIA,22,374.0,84.0,22,0,2,0,0,0,0,0,9,0,8,0,8,0,0,0,0,0,0,0,0,0,BUSIA,142408.0,142408.0,1.5448570305039042,26.262569518566373,5.898545025560362,22,100.0,0.0,9.090909090909092,0.0,0.0,0.0,0.0,0.0,40.909090909090914,0.0,36.36363636363637,0.0,36.36363636363637,0.0,0.0,0.0,0.0,0.0,0.0,0.0,0.0,0.0
BUTERE,25,160.0,38.0,18,0,1,0,0,0,0,0,9,0,6,0,9,0,0,0,0,0,0,0,0,0,BUTERE,154100.0,154100.0,1.6223231667748215,10.382868267358857,2.4659312134977287,18,72.0,0.0,4.0,0.0,0.0,0.0,0.0,0.0,36.0,0.0,24.0,0.0,36.0,0.0,0.0,0.0,0.0,0.0,0.0,0.0,0.0,0.0
BUTULA,24,82.0,6.0,19,0,4,0,0,0,0,0,8,0,8,0,9,0,0,0,0,0,0,0,0,0,BUTULA,140334.0,140334.0,1.7102056522296807,5.843202645118076,0.42755141305742017,19,79.16666666666666,0.0,16.666666666666664,0.0,0.0,0.0,0.0,0.0,33.33333333333333,0.0,33.33333333333333,0.0,37.5,0.0,0.0,0.0,0.0,0.0,0.0,0.0,0.0,0.0
BUURI,50,157.0,15.0,45,0,3,0,0,0,0,0,10,0,9,0,11,0,0,0,0,0,0,0,0,0,,,,,,,45,90.0,0.0,6.0,0.0,0.0,0.0,0.0,0.0,20.0,0.0,18.0,0.0,22.0,0.0,0.0,0.0,0.0,0.0,0.0,0.0,0.0,0.0
CHANGAMWE,74,264.0,53.0,71,0,5,0,0,0,0,0,36,0,6,0,12,0,0,0,0,0,0,0,0,0,CHANGAMWE,131882.0,131882.0,5.611076568447552,20.01789478473181,4.018744028752976,71,95.94594594594594,0.0,6.756756756756757,0.0,0.0,0.0,0.0,0.0,48.64864864864865,0.0,8.108108108108109,0.0,16.216216216216218,0.0,0.0,0.0,0.0,0.0,0.0,0.0,0.0,0.0
CHEPALUNGU,33,69.0,15.0,33,0,0,0,0,0,0,0,0,0,0,0,0,0,0,0,0,0,0,0,0,0,CHEPALUNGU,164837.0,164837.0,2.001977711314814,4.18595339638552,0.9099898687794609,33,100.0,0.0,0.0,0.0,0.0,0.0,0.0,0.0,0.0,0.0,0.0,0.0,0.0,0.0,0.0,0.0,0.0,0.0,0.0,0.0,0.0,0.0
CHEPTAIS,14,56.0,21.0,13,0,2,0,0,0,0,0,8,0,8,0,8,0,0,0,0,0,0,0,0,0,CHEPTAIS,136035.0,136035.0,1.0291469107215054,4.116587642886022,1.543720366082258,13,92.85714285714286,0.0,14.285714285714285,0.0,0.0,0.0,0.0,0.0,57.14285714285714,0.0,57.14285714285714,0.0,57.14285714285714,0.0,0.0,0.0,0.0,0.0,0.0,0.0,0.0,0.0
CHESUMEI,29,66.0,6.0,26,0,0,0,0,0,0,0,8,0,5,0,14,0,0,0,0,0,0,0,0,0,CHESUMEI,164133.0,164133.0,1.766859802720964,4.021129206192539,0.3655572005629581,26,89.65517241379311,0.0,0.0,0.0,0.0,0.0,0.0,0.0,27.586206896551722,0.0,17.24137931034483,0.0,48.275862068965516,0.0,0.0,0.0,0.0,0.0,0.0,0.0,0.0,0.0
DADAAB,20,228.0,20.0,17,0,2,0,0,0,0,0,8,0,0,0,8,0,0,0,0,0,0,0,0,0,DADAAB,185252.0,185252.0,1.0796104765400645,12.307559432556733,1.0796104765400645,17,85.0,0.0,10.0,0.0,0.0,0.0,0.0,0.0,40.0,0.0,0.0,0.0,40.0,0.0,0.0,0.0,0.0,0.0,0.0,0.0,0.0,0.0
DAGORETTI NORTH,76,569.0,110.0,76,0,7,0,0,0,0,0,26,0,25,0,29,0,0,0,0,0,0,0,0,0,,,,,,,76,100.0,0.0,9.210526315789473,0.0,0.0,0.0,0.0,0.0,34.21052631578947,0.0,32.89473684210527,0.0,38.15789473684211,0.0,0.0,0.0,0.0,0.0,0.0,0.0,0.0,0.0
DAGORETTI SOUTH,29,57.0,2.0,29,0,3,0,0,0,0,0,10,0,8,0,9,0,0,0,0,0,0,0,0,0,,,,,,,29,100.0,0.0,10.344827586206897,0.0,0.0,0.0,0.0,0.0,34.48275862068966,0.0,27.586206896551722,0.0,31.03448275862069,0.0,0.0,0.0,0.0,0.0,0.0,0.0,0.0,0.0
EAST POKOT,46,82.0,10.0,28,0,1,0,0,0,0,0,15,0,17,0,15,0,0,0,0,0,0,0,0,0,EAST POKOT,79923.0,79923.0,5.755539706967957,10.259875129812444,1.2512042841234687,28,60.86956521739131,0.0,2.1739130434782608,0.0,0.0,0.0,0.0,0.0,32.608695652173914,0.0,36.95652173913043,0.0,32.608695652173914,0.0,0.0,0.0,0.0,0.0,0.0,0.0,0.0,0.0
ELDAS,10,6.0,2.0,7,0,0,0,0,0,0,0,2,0,2,0,2,0,0,0,0,0,0,0,0,0,ELDAS,88509.0,88509.0,1.1298286050006214,0.6778971630003728,0.2259657210001243,7,70.0,0.0,0.0,0.0,0.0,0.0,0.0,0.0,20.0,0.0,20.0,0.0,20.0,0.0,0.0,0.0,0.0,0.0,0.0,0.0,0.0,0.0
ELDORET EAST,67,989.0,86.0,62,0,4,0,0,0,0,0,39,0,21,0,35,0,0,0,0,0,0,0,0,0,,,,,,,62,92.53731343283582,0.0,5.970149253731343,0.0,0.0,0.0,0.0,0.0,58.2089552238806,0.0,31.343283582089555,0.0,52.23880597014925,0.0,0.0,0.0,0.0,0.0,0.0,0.0,0.0,0.0
ELDORET WEST,74,265.0,21.0,72,0,3,0,0,0,0,0,46,0,1,0,47,0,0,0,0,0,0,0,0,0,,,,,,,72,97.2972972972973,0.0,4.054054054054054,0.0,0.0,0.0,0.0,0.0,62.16216216216216,0.0,1.3513513513513513,0.0,63.51351351351351,0.0,0.0,0.0,0.0,0.0,0.0,0.0,0.0,0.0
EMBAKASI CENTRAL,44,345.0,68.0,42,0,3,0,0,0,0,0,22,0,16,0,22,0,0,0,0,0,0,0,0,0,,,,,,,42,95.45454545454545,0.0,6.8181818181818175,0.0,0.0,0.0,0.0,0.0,50.0,0.0,36.36363636363637,0.0,50.0,0.0,0.0,0.0,0.0,0.0,0.0,0.0,0.0,0.0
EMBAKASI EAST,27,113.0,29.0,27,0,2,0,0,0,0,0,8,0,4,0,8,0,0,0,0,0,0,0,0,0,,,,,,,27,100.0,0.0,7.4074074074074066,0.0,0.0,0.0,0.0,0.0,29.629629629629626,0.0,14.814814814814813,0.0,29.629629629629626,0.0,0.0,0.0,0.0,0.0,0.0,0.0,0.0,0.0
EMBAKASI NORTH,26,52.0,4.0,24,0,4,0,0,0,0,0,10,0,9,0,10,0,0,0,0,0,0,0,0,0,,,,,,,24,92.3076923076923,0.0,15.384615384615385,0.0,0.0,0.0,0.0,0.0,38.46153846153847,0.0,34.61538461538461,0.0,38.46153846153847,0.0,0.0,0.0,0.0,0.0,0.0,0.0,0.0,0.0
EMBAKASI SOUTH,27,117.0,28.0,26,0,2,0,0,0,0,0,8,0,6,0,9,0,0,0,0,0,0,0,0,0,,,,,,,26,96.29629629629629,0.0,7.4074074074074066,0.0,0.0,0.0,0.0,0.0,29.629629629629626,0.0,22.22222222222222,0.0,33.33333333333333,0.0,0.0,0.0,0.0,0.0,0.0,0.0,0.0,0.0
EMBAKASI WEST,40,192.0,36.0,38,0,2,0,0,0,0,0,14,0,7,0,14,0,0,0,0,0,0,0,0,0,,,,,,,38,95.0,0.0,5.0,0.0,0.0,0.0,0.0,0.0,35.0,0.0,17.5,0.0,35.0,0.0,0.0,0.0,0.0,0.0,0.0,0.0,0.0,0.0
EMBU EAST,41,290.0,26.0,38,0,6,0,0,0,0,0,27,0,21,0,23,0,0,0,0,0,0,0,0,0,EMBU EAST,129564.0,129564.0,3.164459263375629,22.382760643388597,2.006730264579667,38,92.6829268292683,0.0,14.634146341463413,0.0,0.0,0.0,0.0,0.0,65.85365853658537,0.0,51.21951219512195,0.0,56.09756097560976,0.0,0.0,0.0,0.0,0.0,0.0,0.0,0.0,0.0
EMUHAYA,35,218.0,32.0,31,0,6,0,0,0,0,0,20,0,19,0,19,0,0,0,0,0,0,0,0,0,EMUHAYA,97141.0,97141.0,3.6030100575452177,22.441605501281643,3.294180624041342,31,88.57142857142857,0.0,17.142857142857142,0.0,0.0,0.0,0.0,0.0,57.14285714285714,0.0,54.285714285714285,0.0,54.285714285714285,0.0,0.0,0.0,0.0,0.0,0.0,0.0,0.0,0.0
FAFI,20,151.0,0.0,14,0,0,0,0,0,0,0,10,0,0,0,10,0,0,0,0,0,0,0,0,0,FAFI,134040.0,134040.0,1.4920919128618324,11.265293942106835,0.0,14,70.0,0.0,0.0,0.0,0.0,0.0,0.0,0.0,50.0,0.0,0.0,0.0,50.0,0.0,0.0,0.0,0.0,0.0,0.0,0.0,0.0,0.0
GALOLE,17,141.0,0.0,17,0,1,0,0,0,0,0,10,0,2,0,12,0,0,0,0,0,0,0,0,0,,,,,,,17,100.0,0.0,5.88235294117647,0.0,0.0,0.0,0.0,0.0,58.82352941176471,0.0,11.76470588235294,0.0,70.58823529411765,0.0,0.0,0.0,0.0,0.0,0.0,0.0,0.0,0.0
GANZE,21,45.0,0.0,20,0,3,0,0,0,0,0,14,0,12,0,11,0,0,0,0,0,0,0,0,0,GANZE,143906.0,143906.0,1.4592859227551316,3.1270412630467113,0.0,20,95.23809523809523,0.0,14.285714285714285,0.0,0.0,0.0,0.0,0.0,66.66666666666666,0.0,57.14285714285714,0.0,52.38095238095239,0.0,0.0,0.0,0.0,0.0,0.0,0.0,0.0,0.0
GARBATULA,18,97.0,16.0,16,0,0,0,0,0,0,0,12,0,12,0,12,0,0,0,0,0,0,0,0,0,,,,,,,16,88.88888888888889,0.0,0.0,0.0,0.0,0.0,0.0,0.0,66.66666666666666,0.0,66.66666666666666,0.0,66.66666666666666,0.0,0.0,0.0,0.0,0.0,0.0,0.0,0.0,0.0
GARISSA,160,662.0,62.0,158,0,4,0,0,0,0,0,30,0,2,0,26,0,0,0,0,0,0,0,0,0,GARISSA,841353.0,841353.0,1.9016988113193867,7.868278831833963,0.7369082893862623,158,98.75,0.0,2.5,0.0,0.0,0.0,0.0,0.0,18.75,0.0,1.25,0.0,16.25,0.0,0.0,0.0,0.0,0.0,0.0,0.0,0.0,0.0
GARISSA,160,662.0,62.0,158,0,4,0,0,0,0,0,30,0,2,0,26,0,0,0,0,0,0,0,0,0,GARISSA,163914.0,163914.0,9.761216247544445,40.38703222421514,3.782471295923472,158,98.75,0.0,2.5,0.0,0.0,0.0,0.0,0.0,18.75,0.0,1.25,0.0,16.25,0.0,0.0,0.0,0.0,0.0,0.0,0.0,0.0,0.0
GATANGA,42,30.0,4.0,40,0,2,0,0,0,0,0,26,0,4,0,25,0,0,0,0,0,0,0,0,0,GATANGA,187989.0,187989.0,2.234173276095942,1.595838054354244,0.21277840724723254,40,95.23809523809523,0.0,4.761904761904762,0.0,0.0,0.0,0.0,0.0,61.904761904761905,0.0,9.523809523809524,0.0,59.523809523809526,0.0,0.0,0.0,0.0,0.0,0.0,0.0,0.0,0.0
GATUNDU,30,233.0,27.0,27,0,0,0,0,0,0,0,10,0,5,0,9,0,0,0,0,0,0,0,0,0,,,,,,,27,90.0,0.0,0.0,0.0,0.0,0.0,0.0,0.0,33.33333333333333,0.0,16.666666666666664,0.0,30.0,0.0,0.0,0.0,0.0,0.0,0.0,0.0,0.0,0.0
GATUNDU NORTH,27,40.0,8.0,24,0,2,0,0,0,0,0,10,0,3,0,7,0,0,0,0,0,0,0,0,0,GATUNDU NORTH,109870.0,109870.0,2.4574497132975335,3.6406662419222715,0.7281332483844543,24,88.88888888888889,0.0,7.4074074074074066,0.0,0.0,0.0,0.0,0.0,37.03703703703704,0.0,11.11111111111111,0.0,25.925925925925924,0.0,0.0,0.0,0.0,0.0,0.0,0.0,0.0,0.0
GEM,33,110.0,3.0,31,0,8,0,0,0,0,0,17,0,15,0,17,0,0,0,0,0,0,0,0,0,GEM,179792.0,179792.0,1.8354543027498442,6.118181009166148,0.16685948206816764,31,93.93939393939394,0.0,24.242424242424242,0.0,0.0,0.0,0.0,0.0,51.515151515151516,0.0,45.45454545454545,0.0,51.515151515151516,0.0,0.0,0.0,0.0,0.0,0.0,0.0,0.0,0.0
GILGIL,37,405.0,22.0,33,0,3,0,0,0,0,0,16,0,16,0,16,0,0,0,0,0,0,0,0,0,GILGIL,185209.0,185209.0,1.9977430902385953,21.86718787963868,1.18784724284457,33,89.1891891891892,0.0,8.108108108108109,0.0,0.0,0.0,0.0,0.0,43.24324324324324,0.0,43.24324324324324,0.0,43.24324324324324,0.0,0.0,0.0,0.0,0.0,0.0,0.0,0.0,0.0
GITHUNGURI,33,105.0,12.0,32,0,1,0,0,0,0,0,7,0,2,0,6,0,0,0,0,0,0,0,0,0,GITHUNGURI,165232.0,165232.0,1.997191827248959,6.354701268519416,0.726251573545076,32,96.96969696969697,0.0,3.0303030303030303,0.0,0.0,0.0,0.0,0.0,21.21212121212121,0.0,6.0606060606060606,0.0,18.181818181818183,0.0,0.0,0.0,0.0,0.0,0.0,0.0,0.0,0.0
GUCHA,11,52.0,2.0,10,0,1,0,0,0,0,0,5,0,7,0,8,0,0,0,0,0,0,0,0,0,GUCHA,83740.0,83740.0,1.3135896823501314,6.209696680200621,0.23883448770002388,10,90.9090909090909,0.0,9.090909090909092,0.0,0.0,0.0,0.0,0.0,45.45454545454545,0.0,63.63636363636363,0.0,72.72727272727273,0.0,0.0,0.0,0.0,0.0,0.0,0.0,0.0,0.0
HABASWEIN,18,39.0,0.0,18,0,1,0,0,0,0,0,9,0,1,0,9,0,0,0,0,0,0,0,0,0,HABASWEIN,174134.0,174134.0,1.0336867010463207,2.239654518933695,0.0,18,100.0,0.0,5.555555555555555,0.0,0.0,0.0,0.0,0.0,50.0,0.0,5.555555555555555,0.0,50.0,0.0,0.0,0.0,0.0,0.0,0.0,0.0,0.0,0.0
HAMISI,21,155.0,24.0,20,0,4,0,0,0,0,0,12,0,12,0,12,0,0,0,0,0,0,0,0,0,HAMISI,159241.0,159241.0,1.3187558480542072,9.733674116590578,1.5071495406333797,20,95.23809523809523,0.0,19.047619047619047,0.0,0.0,0.0,0.0,0.0,57.14285714285714,0.0,57.14285714285714,0.0,57.14285714285714,0.0,0.0,0.0,0.0,0.0,0.0,0.0,0.0,0.0
HOMA BAY,100,1054.0,92.0,100,0,12,0,0,0,0,0,32,0,14,0,34,0,0,0,0,0,0,0,0,0,HOMA BAY,1131950.0,1131950.0,0.8834312469632051,9.311365342992183,0.8127567472061487,100,100.0,0.0,12.0,0.0,0.0,0.0,0.0,0.0,32.0,0.0,14.000000000000002,0.0,34.0,0.0,0.0,0.0,0.0,0.0,0.0,0.0,0.0,0.0
HOMA BAY,100,1054.0,92.0,100,0,12,0,0,0,0,0,32,0,14,0,34,0,0,0,0,0,0,0,0,0,HOMA BAY,117439.0,117439.0,8.515058881632166,89.74872061240303,7.833854171101593,100,100.0,0.0,12.0,0.0,0.0,0.0,0.0,0.0,32.0,0.0,14.000000000000002,0.0,34.0,0.0,0.0,0.0,0.0,0.0,0.0,0.0,0.0,0.0
HULUGHO,10,10.0,4.0,7,0,0,0,0,0,0,0,4,0,4,0,3,0,0,0,0,0,0,0,0,0,HULUGHO,133984.0,133984.0,0.7463577740625745,0.7463577740625745,0.2985431096250299,7,70.0,0.0,0.0,0.0,0.0,0.0,0.0,0.0,40.0,0.0,40.0,0.0,30.0,0.0,0.0,0.0,0.0,0.0,0.0,0.0,0.0,0.0
IGEMBE CENTRAL,32,81.0,14.0,24,0,0,0,0,0,0,0,13,0,11,0,13,0,0,0,0,0,0,0,0,0,IGEMBE CENTRAL,221412.0,221412.0,1.445269452423536,3.6583383014470763,0.632305385435297,24,75.0,0.0,0.0,0.0,0.0,0.0,0.0,0.0,40.625,0.0,34.375,0.0,40.625,0.0,0.0,0.0,0.0,0.0,0.0,0.0,0.0,0.0
IGEMBE NORTH,18,75.0,22.0,16,0,0,0,0,0,0,0,5,0,4,0,6,0,0,0,0,0,0,0,0,0,IGEMBE NORTH,169317.0,169317.0,1.063094668580237,4.429561119084321,1.2993379282647342,16,88.88888888888889,0.0,0.0,0.0,0.0,0.0,0.0,0.0,27.77777777777778,0.0,22.22222222222222,0.0,33.33333333333333,0.0,0.0,0.0,0.0,0.0,0.0,0.0,0.0,0.0
IGEMBE SOUTH,44,342.0,28.0,42,0,2,0,0,0,0,0,11,0,11,0,13,0,0,0,0,0,0,0,0,0,IGEMBE SOUTH,161646.0,161646.0,2.721997451220568,21.157343825396236,1.7321801962312708,42,95.45454545454545,0.0,4.545454545454546,0.0,0.0,0.0,0.0,0.0,25.0,0.0,25.0,0.0,29.545454545454547,0.0,0.0,0.0,0.0,0.0,0.0,0.0,0.0,0.0
IJARA,11,57.0,13.0,10,0,2,0,0,0,0,0,6,0,5,0,4,0,0,0,0,0,0,0,0,0,IJARA,141591.0,141591.0,0.7768855365100888,4.0256795982795515,0.918137452239196,10,90.9090909090909,0.0,18.181818181818183,0.0,0.0,0.0,0.0,0.0,54.54545454545454,0.0,45.45454545454545,0.0,36.36363636363637,0.0,0.0,0.0,0.0,0.0,0.0,0.0,0.0,0.0
IKUTHA,13,18.0,5.0,13,0,1,0,0,0,0,0,6,0,0,0,5,0,0,0,0,0,0,0,0,0,IKUTHA,82964.0,82964.0,1.5669446989055493,2.1696157369461453,0.6026710380405959,13,100.0,0.0,7.6923076923076925,0.0,0.0,0.0,0.0,0.0,46.15384615384615,0.0,0.0,0.0,38.46153846153847,0.0,0.0,0.0,0.0,0.0,0.0,0.0,0.0,0.0
IMENTI NORTH,179,339.0,18.0,170,0,1,0,0,0,0,0,15,0,12,0,10,0,0,0,0,0,0,0,0,0,IMENTI NORTH,177567.0,177567.0,10.080701932228399,19.091385223605737,1.0137018702799505,170,94.97206703910615,0.0,0.5586592178770949,0.0,0.0,0.0,0.0,0.0,8.379888268156424,0.0,6.70391061452514,0.0,5.58659217877095,0.0,0.0,0.0,0.0,0.0,0.0,0.0,0.0,0.0
IMENTI SOUTH,61,381.0,35.0,59,0,3,0,0,0,0,0,24,0,4,0,26,0,0,0,0,0,0,0,0,0,IMENTI SOUTH,206506.0,206506.0,2.953909329511007,18.44982712366711,1.6948660087358236,59,96.72131147540983,0.0,4.918032786885246,0.0,0.0,0.0,0.0,0.0,39.34426229508197,0.0,6.557377049180328,0.0,42.62295081967213,0.0,0.0,0.0,0.0,0.0,0.0,0.0,0.0,0.0
ISINYA,34,129.0,6.0,34,0,3,0,0,0,0,0,7,0,0,0,3,0,0,0,0,0,0,0,0,0,ISINYA,210473.0,210473.0,1.6154091023551713,6.12905218246521,0.28507219453326554,34,100.0,0.0,8.823529411764707,0.0,0.0,0.0,0.0,0.0,20.588235294117645,0.0,0.0,0.0,8.823529411764707,0.0,0.0,0.0,0.0,0.0,0.0,0.0,0.0,0.0
ISIOLO,28,428.0,124.0,28,0,1,0,0,0,0,0,18,0,18,0,18,0,0,0,0,0,0,0,0,0,ISIOLO,268002.0,268002.0,1.044768322624458,15.970030074402429,4.626831143051171,28,100.0,0.0,3.571428571428571,0.0,0.0,0.0,0.0,0.0,64.28571428571429,0.0,64.28571428571429,0.0,64.28571428571429,0.0,0.0,0.0,0.0,0.0,0.0,0.0,0.0,0.0
ISIOLO,28,428.0,124.0,28,0,1,0,0,0,0,0,18,0,18,0,18,0,0,0,0,0,0,0,0,0,ISIOLO,121066.0,121066.0,2.3127880660135793,35.35261758049329,10.242347149488708,28,100.0,0.0,3.571428571428571,0.0,0.0,0.0,0.0,0.0,64.28571428571429,0.0,64.28571428571429,0.0,64.28571428571429,0.0,0.0,0.0,0.0,0.0,0.0,0.0,0.0,0.0
KAHURO,23,66.0,14.0,23,0,2,0,0,0,0,0,16,0,9,0,13,0,0,0,0,0,0,0,0,0,KAHURO,88193.0,88193.0,2.6079167280849953,7.4835871327656385,1.5874275736169539,23,100.0,0.0,8.695652173913043,0.0,0.0,0.0,0.0,0.0,69.56521739130434,0.0,39.130434782608695,0.0,56.52173913043478,0.0,0.0,0.0,0.0,0.0,0.0,0.0,0.0,0.0
KAJIADO CENTRAL,58,193.0,8.0,56,0,3,0,0,0,0,0,20,0,1,0,5,0,0,0,0,0,0,0,0,0,KAJIADO CENTRAL,161862.0,161862.0,3.583299353770496,11.92373750478803,0.49424818672696497,56,96.55172413793103,0.0,5.172413793103448,0.0,0.0,0.0,0.0,0.0,34.48275862068966,0.0,1.7241379310344827,0.0,8.620689655172415,0.0,0.0,0.0,0.0,0.0,0.0,0.0,0.0,0.0
KAJIADO NORTH,165,541.0,85.0,160,0,5,0,0,0,0,0,69,0,0,0,18,0,0,0,0,0,0,0,0,0,KAJIADO NORTH,306596.0,306596.0,5.381674907696121,17.64537045493092,2.772377982752547,160,96.96969696969697,0.0,3.0303030303030303,0.0,0.0,0.0,0.0,0.0,41.81818181818181,0.0,0.0,0.0,10.909090909090908,0.0,0.0,0.0,0.0,0.0,0.0,0.0,0.0,0.0
KAKAMEGA CENTRAL LURAMBI,53,738.0,129.0,49,0,6,0,0,0,0,0,20,0,12,0,18,0,0,0,0,0,0,0,0,0,,,,,,,49,92.45283018867924,0.0,11.320754716981133,0.0,0.0,0.0,0.0,0.0,37.735849056603776,0.0,22.641509433962266,0.0,33.9622641509434,0.0,0.0,0.0,0.0,0.0,0.0,0.0,0.0,0.0
KAKAMEGA EAST SHINYALU,31,310.0,37.0,29,0,9,0,0,0,0,0,12,0,9,0,10,0,0,0,0,0,0,0,0,0,,,,,,,29,93.54838709677419,0.0,29.03225806451613,0.0,0.0,0.0,0.0,0.0,38.70967741935484,0.0,29.03225806451613,0.0,32.25806451612903,0.0,0.0,0.0,0.0,0.0,0.0,0.0,0.0,0.0
KAKAMEGA NORTH MALAVA,27,95.0,17.0,20,0,4,0,0,0,0,0,14,0,14,0,16,0,0,0,0,0,0,0,0,0,,,,,,,20,74.07407407407408,0.0,14.814814814814813,0.0,0.0,0.0,0.0,0.0,51.85185185185185,0.0,51.85185185185185,0.0,59.25925925925925,0.0,0.0,0.0,0.0,0.0,0.0,0.0,0.0,0.0
KAKAMEGA SOUTH IKOLOMANI,20,116.0,20.0,20,0,5,0,0,0,0,0,10,0,9,0,11,0,0,0,0,0,0,0,0,0,,,,,,,20,100.0,0.0,25.0,0.0,0.0,0.0,0.0,0.0,50.0,0.0,45.0,0.0,55.00000000000001,0.0,0.0,0.0,0.0,0.0,0.0,0.0,0.0,0.0
KALOLENI,24,183.0,13.0,24,0,5,0,0,0,0,0,11,0,9,0,9,0,0,0,0,0,0,0,0,0,KALOLENI,193682.0,193682.0,1.2391445771935439,9.448477401100774,0.6712033126465031,24,100.0,0.0,20.833333333333336,0.0,0.0,0.0,0.0,0.0,45.83333333333333,0.0,37.5,0.0,37.5,0.0,0.0,0.0,0.0,0.0,0.0,0.0,0.0,0.0
KAMUKUNJI,59,1083.0,206.0,59,0,10,0,0,0,0,0,21,0,14,0,22,0,0,0,0,0,0,0,0,0,KAMUKUNJI,268276.0,268276.0,2.19922766106547,40.36887384633736,7.678659291177742,59,100.0,0.0,16.94915254237288,0.0,0.0,0.0,0.0,0.0,35.59322033898305,0.0,23.728813559322035,0.0,37.28813559322034,0.0,0.0,0.0,0.0,0.0,0.0,0.0,0.0,0.0
KANDARA,43,217.0,1.0,33,0,2,0,0,0,0,0,23,0,17,0,19,0,0,0,0,0,0,0,0,0,KANDARA,175098.0,175098.0,2.455767627271585,12.39305988646358,0.05711087505282756,33,76.74418604651163,0.0,4.651162790697675,0.0,0.0,0.0,0.0,0.0,53.48837209302325,0.0,39.53488372093023,0.0,44.18604651162791,0.0,0.0,0.0,0.0,0.0,0.0,0.0,0.0,0.0
KANGUNDO,26,208.0,42.0,17,0,3,0,0,0,0,0,6,0,1,0,4,0,0,0,0,0,0,0,0,0,KANGUNDO,97917.0,97917.0,2.6553101095826057,21.242480876660846,4.289347100094978,17,65.38461538461539,0.0,11.538461538461538,0.0,0.0,0.0,0.0,0.0,23.076923076923077,0.0,3.8461538461538463,0.0,15.384615384615385,0.0,0.0,0.0,0.0,0.0,0.0,0.0,0.0,0.0
KASARANI,58,177.0,22.0,57,0,6,0,0,0,0,0,17,0,17,0,16,0,0,0,0,0,0,0,0,0,KASARANI,780656.0,780656.0,0.7429648910659753,2.2673238917013383,0.2818142690250251,57,98.27586206896551,0.0,10.344827586206897,0.0,0.0,0.0,0.0,0.0,29.310344827586203,0.0,29.310344827586203,0.0,27.586206896551722,0.0,0.0,0.0,0.0,0.0,0.0,0.0,0.0,0.0
KATHIANI,24,206.0,8.0,21,0,3,0,0,0,0,0,14,0,3,0,13,0,0,0,0,0,0,0,0,0,KATHIANI,111890.0,111890.0,2.144963803735812,18.410939315399055,0.714987934578604,21,87.5,0.0,12.5,0.0,0.0,0.0,0.0,0.0,58.333333333333336,0.0,12.5,0.0,54.166666666666664,0.0,0.0,0.0,0.0,0.0,0.0,0.0,0.0,0.0
KATHONZWENI,18,84.0,16.0,16,0,3,0,0,0,0,0,10,0,11,0,11,0,0,0,0,0,0,0,0,0,KATHONZWENI,79780.0,79780.0,2.256204562547004,10.528954625219354,2.0055151667084483,16,88.88888888888889,0.0,16.666666666666664,0.0,0.0,0.0,0.0,0.0,55.55555555555556,0.0,61.111111111111114,0.0,61.111111111111114,0.0,0.0,0.0,0.0,0.0,0.0,0.0,0.0,0.0
KATULANI,24,68.0,8.0,20,0,0,0,0,0,0,0,11,0,0,0,5,0,0,0,0,0,0,0,0,0,KATULANI,47108.0,47108.0,5.094676063513628,14.434915513288614,1.6982253545045427,20,83.33333333333334,0.0,0.0,0.0,0.0,0.0,0.0,0.0,45.83333333333333,0.0,0.0,0.0,20.833333333333336,0.0,0.0,0.0,0.0,0.0,0.0,0.0,0.0,0.0
KEIYO,24,258.0,6.0,20,0,1,0,0,0,0,0,2,0,1,0,4,0,0,0,0,0,0,0,0,0,,,,,,,20,83.33333333333334,0.0,4.166666666666666,0.0,0.0,0.0,0.0,0.0,8.333333333333332,0.0,4.166666666666666,0.0,16.666666666666664,0.0,0.0,0.0,0.0,0.0,0.0,0.0,0.0,0.0
KEIYO SOUTH,36,106.0,15.0,36,0,0,0,0,0,0,0,6,0,0,0,7,0,0,0,0,0,0,0,0,0,KEIYO SOUTH,120750.0,120750.0,2.981366459627329,8.778467908902691,1.2422360248447206,36,100.0,0.0,0.0,0.0,0.0,0.0,0.0,0.0,16.666666666666664,0.0,0.0,0.0,19.444444444444446,0.0,0.0,0.0,0.0,0.0,0.0,0.0,0.0,0.0
KENYENYA,13,78.0,1.0,13,0,1,0,0,0,0,0,6,0,7,0,7,0,0,0,0,0,0,0,0,0,KENYENYA,131740.0,131740.0,0.9867921663883407,5.920752998330044,0.07590708972218005,13,100.0,0.0,7.6923076923076925,0.0,0.0,0.0,0.0,0.0,46.15384615384615,0.0,53.84615384615385,0.0,53.84615384615385,0.0,0.0,0.0,0.0,0.0,0.0,0.0,0.0,0.0
KERICHO,56,358.0,22.0,48,0,2,0,0,0,0,0,20,0,10,0,20,0,0,0,0,0,0,0,0,0,KERICHO,901777.0,901777.0,0.6209960999227082,3.969939353077313,0.24396275354106392,48,85.71428571428571,0.0,3.571428571428571,0.0,0.0,0.0,0.0,0.0,35.714285714285715,0.0,17.857142857142858,0.0,35.714285714285715,0.0,0.0,0.0,0.0,0.0,0.0,0.0,0.0,0.0
KHWISERO,24,158.0,33.0,23,0,3,0,0,0,0,0,11,0,4,0,8,0,0,0,0,0,0,0,0,0,KHWISERO,113476.0,113476.0,2.1149846663611687,13.923649053544363,2.908103916246607,23,95.83333333333334,0.0,12.5,0.0,0.0,0.0,0.0,0.0,45.83333333333333,0.0,16.666666666666664,0.0,33.33333333333333,0.0,0.0,0.0,0.0,0.0,0.0,0.0,0.0,0.0
KIAMBU,60,482.0,54.0,54,0,1,0,0,0,0,0,9,0,4,0,7,0,0,0,0,0,0,0,0,0,KIAMBU,2417735.0,2417735.0,0.24816615551332136,1.9936014492903482,0.22334953996198922,54,90.0,0.0,1.6666666666666667,0.0,0.0,0.0,0.0,0.0,15.0,0.0,6.666666666666667,0.0,11.666666666666666,0.0,0.0,0.0,0.0,0.0,0.0,0.0,0.0,0.0
KIAMBU,60,482.0,54.0,54,0,1,0,0,0,0,0,9,0,4,0,7,0,0,0,0,0,0,0,0,0,KIAMBU,145903.0,145903.0,4.112321199701172,33.035646970932746,3.7010890797310543,54,90.0,0.0,1.6666666666666667,0.0,0.0,0.0,0.0,0.0,15.0,0.0,6.666666666666667,0.0,11.666666666666666,0.0,0.0,0.0,0.0,0.0,0.0,0.0,0.0,0.0
KIBRA,93,1807.0,441.0,89,0,9,0,0,0,0,0,24,0,22,0,21,0,0,0,0,0,0,0,0,0,KIBRA,185777.0,185777.0,5.006001819385607,97.26715363042787,23.738137659667235,89,95.6989247311828,0.0,9.67741935483871,0.0,0.0,0.0,0.0,0.0,25.806451612903224,0.0,23.655913978494624,0.0,22.58064516129032,0.0,0.0,0.0,0.0,0.0,0.0,0.0,0.0,0.0
KIBWEZI,49,163.0,16.0,43,0,2,0,0,0,0,0,16,0,20,0,13,0,0,0,0,0,0,0,0,0,KIBWEZI,197000.0,197000.0,2.487309644670051,8.274111675126903,0.8121827411167513,43,87.75510204081633,0.0,4.081632653061225,0.0,0.0,0.0,0.0,0.0,32.6530612244898,0.0,40.816326530612244,0.0,26.53061224489796,0.0,0.0,0.0,0.0,0.0,0.0,0.0,0.0,0.0
KIENI EAST,48,70.0,1.0,47,0,0,0,0,0,0,0,28,0,10,0,11,0,0,0,0,0,0,0,0,0,KIENI EAST,110376.0,110376.0,4.348771472059143,6.341958396752917,0.09059940566789881,47,97.91666666666666,0.0,0.0,0.0,0.0,0.0,0.0,0.0,58.333333333333336,0.0,20.833333333333336,0.0,22.916666666666664,0.0,0.0,0.0,0.0,0.0,0.0,0.0,0.0,0.0
KIENI WEST,34,77.0,12.0,34,0,1,0,0,0,0,0,21,0,15,0,12,0,0,0,0,0,0,0,0,0,KIENI WEST,88525.0,88525.0,3.8407229596159276,8.69810787913019,1.3555492798644453,34,100.0,0.0,2.941176470588235,0.0,0.0,0.0,0.0,0.0,61.76470588235294,0.0,44.11764705882353,0.0,35.294117647058826,0.0,0.0,0.0,0.0,0.0,0.0,0.0,0.0,0.0
KIGUMO,27,22.0,1.0,16,0,1,0,0,0,0,0,14,0,6,0,9,0,0,0,0,0,0,0,0,0,KIGUMO,136921.0,136921.0,1.97194002380935,1.6067659453261371,0.0730348156966426,16,59.25925925925925,0.0,3.7037037037037033,0.0,0.0,0.0,0.0,0.0,51.85185185185185,0.0,22.22222222222222,0.0,33.33333333333333,0.0,0.0,0.0,0.0,0.0,0.0,0.0,0.0,0.0
KIHARU,57,292.0,64.0,57,0,2,0,0,0,0,0,19,0,10,0,18,0,0,0,0,0,0,0,0,0,,,,,,,57,100.0,0.0,3.508771929824561,0.0,0.0,0.0,0.0,0.0,33.33333333333333,0.0,17.543859649122805,0.0,31.57894736842105,0.0,0.0,0.0,0.0,0.0,0.0,0.0,0.0,0.0
KIKUYU,65,356.0,27.0,65,0,4,0,0,0,0,0,16,0,17,0,16,0,0,0,0,0,0,0,0,0,KIKUYU,187122.0,187122.0,3.4736695845491177,19.02502110922286,1.442908904351172,65,100.0,0.0,6.153846153846154,0.0,0.0,0.0,0.0,0.0,24.615384615384617,0.0,26.153846153846157,0.0,24.615384615384617,0.0,0.0,0.0,0.0,0.0,0.0,0.0,0.0,0.0
KILIFI NORTH,46,222.0,27.0,43,0,3,0,0,0,0,0,28,0,20,0,17,0,0,0,0,0,0,0,0,0,KILIFI NORTH,178824.0,178824.0,2.572361651679864,12.414441014628908,1.5098644477251375,43,93.47826086956522,0.0,6.521739130434782,0.0,0.0,0.0,0.0,0.0,60.86956521739131,0.0,43.47826086956522,0.0,36.95652173913043,0.0,0.0,0.0,0.0,0.0,0.0,0.0,0.0,0.0
KILIFI SOUTH,37,59.0,6.0,35,0,5,0,0,0,0,0,22,0,15,0,16,0,0,0,0,0,0,0,0,0,KILIFI SOUTH,206753.0,206753.0,1.7895750001209172,2.8536466218144354,0.29020135137095954,35,94.5945945945946,0.0,13.513513513513514,0.0,0.0,0.0,0.0,0.0,59.45945945945946,0.0,40.54054054054054,0.0,43.24324324324324,0.0,0.0,0.0,0.0,0.0,0.0,0.0,0.0,0.0
KILUNGU,22,93.0,24.0,17,0,2,0,0,0,0,0,4,0,5,0,5,0,0,0,0,0,0,0,0,0,KILUNGU,60952.0,60952.0,3.6093975587347424,15.257907861924137,3.9375246095288094,17,77.27272727272727,0.0,9.090909090909092,0.0,0.0,0.0,0.0,0.0,18.181818181818183,0.0,22.727272727272727,0.0,22.727272727272727,0.0,0.0,0.0,0.0,0.0,0.0,0.0,0.0,0.0
KIMILILI BUNGOMA,14,124.0,0.0,14,0,1,0,0,0,0,0,5,0,3,0,4,0,0,0,0,0,0,0,0,0,,,,,,,14,100.0,0.0,7.142857142857142,0.0,0.0,0.0,0.0,0.0,35.714285714285715,0.0,21.428571428571427,0.0,28.57142857142857,0.0,0.0,0.0,0.0,0.0,0.0,0.0,0.0,0.0
KINANGO,38,117.0,26.0,34,0,4,0,0,0,0,0,1,0,7,0,20,0,0,0,0,0,0,0,0,0,KINANGO,94220.0,94220.0,4.033113988537465,12.417745701549563,2.759499044788792,34,89.47368421052632,0.0,10.526315789473683,0.0,0.0,0.0,0.0,0.0,2.631578947368421,0.0,18.421052631578945,0.0,52.63157894736842,0.0,0.0,0.0,0.0,0.0,0.0,0.0,0.0,0.0
KINANGOP,40,40.0,5.0,39,0,1,0,0,0,0,0,6,0,6,0,8,0,0,0,0,0,0,0,0,0,KINANGOP,111410.0,111410.0,3.590341980073602,3.590341980073602,0.44879274750920023,39,97.5,0.0,2.5,0.0,0.0,0.0,0.0,0.0,15.0,0.0,15.0,0.0,20.0,0.0,0.0,0.0,0.0,0.0,0.0,0.0,0.0,0.0
KIPIPIRI,20,68.0,6.0,20,0,1,0,0,0,0,0,5,0,5,0,6,0,0,0,0,0,0,0,0,0,KIPIPIRI,93855.0,93855.0,2.1309466730595066,7.245218688402323,0.6392840019178521,20,100.0,0.0,5.0,0.0,0.0,0.0,0.0,0.0,25.0,0.0,25.0,0.0,30.0,0.0,0.0,0.0,0.0,0.0,0.0,0.0,0.0,0.0
KIPKELION,32,156.0,9.0,24,0,2,0,0,0,0,0,22,0,3,0,23,0,0,0,0,0,0,0,0,0,KIPKELION,122530.0,122530.0,2.611605321145842,12.731575940585978,0.734513996572268,24,75.0,0.0,6.25,0.0,0.0,0.0,0.0,0.0,68.75,0.0,9.375,0.0,71.875,0.0,0.0,0.0,0.0,0.0,0.0,0.0,0.0,0.0
KIRINYAGA CENTRAL,62,398.0,47.0,56,0,3,0,0,0,0,0,12,0,2,0,7,0,0,0,0,0,0,0,0,0,KIRINYAGA CENTRAL,122740.0,122740.0,5.0513280104285485,32.42626690565423,3.8292325240345444,56,90.32258064516128,0.0,4.838709677419355,0.0,0.0,0.0,0.0,0.0,19.35483870967742,0.0,3.225806451612903,0.0,11.29032258064516,0.0,0.0,0.0,0.0,0.0,0.0,0.0,0.0,0.0
KIRINYAGA EAST,44,55.0,6.0,39,0,3,0,0,0,0,0,16,0,2,0,9,0,0,0,0,0,0,0,0,0,KIRINYAGA EAST,135559.0,135559.0,3.2458191636114164,4.057273954514271,0.4426117041288295,39,88.63636363636364,0.0,6.8181818181818175,0.0,0.0,0.0,0.0,0.0,36.36363636363637,0.0,4.545454545454546,0.0,20.454545454545457,0.0,0.0,0.0,0.0,0.0,0.0,0.0,0.0,0.0
KIRINYAGA NORTH,25,148.0,41.0,24,0,1,0,0,0,0,0,9,0,2,0,9,0,0,0,0,0,0,0,0,0,,,,,,,24,96.0,0.0,4.0,0.0,0.0,0.0,0.0,0.0,36.0,0.0,8.0,0.0,36.0,0.0,0.0,0.0,0.0,0.0,0.0,0.0,0.0,0.0
KIRINYAGA SOUTH,56,157.0,2.0,47,0,3,0,0,0,0,0,15,0,3,0,9,0,0,0,0,0,0,0,0,0,,,,,,,47,83.92857142857143,0.0,5.357142857142857,0.0,0.0,0.0,0.0,0.0,26.785714285714285,0.0,5.357142857142857,0.0,16.071428571428573,0.0,0.0,0.0,0.0,0.0,0.0,0.0,0.0,0.0
KIRINYAGA WEST,62,79.0,1.0,54,0,2,0,0,0,0,0,16,0,3,0,12,0,0,0,0,0,0,0,0,0,KIRINYAGA WEST,114660.0,114660.0,5.4072911215768364,6.889935461364033,0.08721437292865863,54,87.09677419354838,0.0,3.225806451612903,0.0,0.0,0.0,0.0,0.0,25.806451612903224,0.0,4.838709677419355,0.0,19.35483870967742,0.0,0.0,0.0,0.0,0.0,0.0,0.0,0.0,0.0
KISASI,15,15.0,0.0,14,0,1,0,0,0,0,0,10,0,0,0,6,0,0,0,0,0,0,0,0,0,KISASI,46142.0,46142.0,3.2508343808244113,3.2508343808244113,0.0,14,93.33333333333333,0.0,6.666666666666667,0.0,0.0,0.0,0.0,0.0,66.66666666666666,0.0,0.0,0.0,40.0,0.0,0.0,0.0,0.0,0.0,0.0,0.0,0.0,0.0
KISAUNI,101,248.0,32.0,97,0,6,0,0,0,0,0,38,0,26,0,25,0,0,0,0,0,0,0,0,0,KISAUNI,291930.0,291930.0,3.4597334977563117,8.495187202411536,1.0961531874079402,97,96.03960396039604,0.0,5.9405940594059405,0.0,0.0,0.0,0.0,0.0,37.62376237623762,0.0,25.742574257425744,0.0,24.752475247524753,0.0,0.0,0.0,0.0,0.0,0.0,0.0,0.0,0.0
KISII CENTRAL,51,1579.0,125.0,48,0,4,0,0,0,0,0,31,0,10,0,33,0,0,0,0,0,0,0,0,0,KISII CENTRAL,166906.0,166906.0,3.0556121409655734,94.60414844283609,7.489245443543072,48,94.11764705882352,0.0,7.8431372549019605,0.0,0.0,0.0,0.0,0.0,60.78431372549019,0.0,19.607843137254903,0.0,64.70588235294117,0.0,0.0,0.0,0.0,0.0,0.0,0.0,0.0,0.0
KISII SOUTH,18,75.0,6.0,16,0,3,0,0,0,0,0,11,0,9,0,10,0,0,0,0,0,0,0,0,0,KISII SOUTH,135134.0,135134.0,1.3320111888939867,5.550046620391611,0.44400372963132895,16,88.88888888888889,0.0,16.666666666666664,0.0,0.0,0.0,0.0,0.0,61.111111111111114,0.0,50.0,0.0,55.55555555555556,0.0,0.0,0.0,0.0,0.0,0.0,0.0,0.0,0.0
KISUMU EAST,76,1135.0,45.0,72,0,10,0,0,0,0,0,39,0,35,0,38,0,0,0,0,0,0,0,0,0,KISUMU EAST,220997.0,220997.0,3.4389607098738897,51.35816323298506,2.03622673610954,72,94.73684210526315,0.0,13.157894736842104,0.0,0.0,0.0,0.0,0.0,51.31578947368421,0.0,46.05263157894737,0.0,50.0,0.0,0.0,0.0,0.0,0.0,0.0,0.0,0.0,0.0
KISUMU WEST,24,256.0,39.0,24,0,6,0,0,0,0,0,16,0,14,0,15,0,0,0,0,0,0,0,0,0,KISUMU WEST,172821.0,172821.0,1.3887201208186506,14.813014622065605,2.256670196330307,24,100.0,0.0,25.0,0.0,0.0,0.0,0.0,0.0,66.66666666666666,0.0,58.333333333333336,0.0,62.5,0.0,0.0,0.0,0.0,0.0,0.0,0.0,0.0,0.0
KITUI CENTRAL,81,348.0,63.0,61,0,1,0,0,0,0,0,19,0,2,0,16,0,0,0,0,0,0,0,0,0,KITUI CENTRAL,105991.0,105991.0,7.642158296459133,32.832976384787386,5.943900897245992,61,75.30864197530865,0.0,1.2345679012345678,0.0,0.0,0.0,0.0,0.0,23.456790123456788,0.0,2.4691358024691357,0.0,19.753086419753085,0.0,0.0,0.0,0.0,0.0,0.0,0.0,0.0,0.0
KITUI WEST,20,125.0,5.0,17,0,2,0,0,0,0,0,6,0,1,0,8,0,0,0,0,0,0,0,0,0,KITUI WEST,70871.0,70871.0,2.822028756473028,17.637679727956428,0.705507189118257,17,85.0,0.0,10.0,0.0,0.0,0.0,0.0,0.0,30.0,0.0,5.0,0.0,40.0,0.0,0.0,0.0,0.0,0.0,0.0,0.0,0.0,0.0
KOIBATEK,39,256.0,10.0,37,0,1,0,0,0,0,0,20,0,19,0,18,0,0,0,0,0,0,0,0,0,KOIBATEK,129535.0,129535.0,3.0107692901532404,19.762998417416142,0.7719921256803182,37,94.87179487179486,0.0,2.564102564102564,0.0,0.0,0.0,0.0,0.0,51.28205128205128,0.0,48.717948717948715,0.0,46.15384615384615,0.0,0.0,0.0,0.0,0.0,0.0,0.0,0.0,0.0
KONOIN,30,126.0,12.0,24,0,3,0,0,0,0,0,20,0,13,0,19,0,0,0,0,0,0,0,0,0,KONOIN,163507.0,163507.0,1.8347838318848733,7.706092093916468,0.7339135327539494,24,80.0,0.0,10.0,0.0,0.0,0.0,0.0,0.0,66.66666666666666,0.0,43.333333333333336,0.0,63.33333333333333,0.0,0.0,0.0,0.0,0.0,0.0,0.0,0.0,0.0
KURESOI,45,134.0,8.0,43,0,2,0,0,0,0,0,27,0,20,0,28,0,0,0,0,0,0,0,0,0,,,,,,,43,95.55555555555556,0.0,4.444444444444445,0.0,0.0,0.0,0.0,0.0,60.0,0.0,44.44444444444444,0.0,62.22222222222222,0.0,0.0,0.0,0.0,0.0,0.0,0.0,0.0,0.0
KURIA EAST,20,104.0,4.0,19,0,2,0,0,0,0,0,11,0,2,0,7,0,0,0,0,0,0,0,0,0,KURIA EAST,96872.0,96872.0,2.064580064414898,10.735816334957471,0.41291601288297963,19,95.0,0.0,10.0,0.0,0.0,0.0,0.0,0.0,55.00000000000001,0.0,10.0,0.0,35.0,0.0,0.0,0.0,0.0,0.0,0.0,0.0,0.0,0.0
KURIA WEST,47,284.0,38.0,47,0,4,0,0,0,0,0,31,0,5,0,24,0,0,0,0,0,0,0,0,0,KURIA WEST,208513.0,208513.0,2.25405610201762,13.620253893042639,1.82242833780148,47,100.0,0.0,8.51063829787234,0.0,0.0,0.0,0.0,0.0,65.95744680851064,0.0,10.638297872340425,0.0,51.06382978723404,0.0,0.0,0.0,0.0,0.0,0.0,0.0,0.0,0.0
KWANZA,25,62.0,12.0,25,0,1,0,0,0,0,0,14,0,4,0,15,0,0,0,0,0,0,0,0,0,KWANZA,203821.0,203821.0,1.2265664480107545,3.0418847910666713,0.5887518950451622,25,100.0,0.0,4.0,0.0,0.0,0.0,0.0,0.0,56.00000000000001,0.0,16.0,0.0,60.0,0.0,0.0,0.0,0.0,0.0,0.0,0.0,0.0,0.0
KYUSO,22,56.0,5.0,16,0,2,0,0,0,0,0,16,0,16,0,13,0,0,0,0,0,0,0,0,0,KYUSO,76867.0,76867.0,2.8620864610300907,7.285310991712959,0.650474195688657,16,72.72727272727273,0.0,9.090909090909092,0.0,0.0,0.0,0.0,0.0,72.72727272727273,0.0,72.72727272727273,0.0,59.09090909090909,0.0,0.0,0.0,0.0,0.0,0.0,0.0,0.0,0.0
LAFEY,6,53.0,0.0,5,0,0,0,0,0,0,0,3,0,0,0,3,0,0,0,0,0,0,0,0,0,LAFEY,83457.0,83457.0,0.7189331032747402,6.350575745593539,0.0,5,83.33333333333334,0.0,0.0,0.0,0.0,0.0,0.0,0.0,50.0,0.0,0.0,0.0,50.0,0.0,0.0,0.0,0.0,0.0,0.0,0.0,0.0,0.0
LAGDERA,16,20.0,3.0,11,0,1,0,0,0,0,0,6,0,0,0,4,0,0,0,0,0,0,0,0,0,LAGDERA,50315.0,50315.0,3.1799662128589885,3.9749577660737354,0.5962436649110604,11,68.75,0.0,6.25,0.0,0.0,0.0,0.0,0.0,37.5,0.0,0.0,0.0,25.0,0.0,0.0,0.0,0.0,0.0,0.0,0.0,0.0,0.0
LAIKIPIA CENTRAL,16,2.0,1.0,14,0,10,0,0,0,0,0,9,0,9,0,0,0,0,0,0,0,0,0,0,0,LAIKIPIA CENTRAL,95594.0,95594.0,1.6737452141347782,0.20921815176684727,0.10460907588342364,14,87.5,0.0,62.5,0.0,0.0,0.0,0.0,0.0,56.25,0.0,56.25,0.0,0.0,0.0,0.0,0.0,0.0,0.0,0.0,0.0,0.0,0.0
LAIKIPIA EAST,40,275.0,22.0,37,0,12,0,0,0,0,0,16,0,13,0,7,0,0,0,0,0,0,0,0,0,LAIKIPIA EAST,102815.0,102815.0,3.890482906190731,26.747069980061276,2.139765598404902,37,92.5,0.0,30.0,0.0,0.0,0.0,0.0,0.0,40.0,0.0,32.5,0.0,17.5,0.0,0.0,0.0,0.0,0.0,0.0,0.0,0.0,0.0
LAIKIPIA NORTH,11,44.0,12.0,11,0,2,0,0,0,0,0,7,0,3,0,7,0,0,0,0,0,0,0,0,0,LAIKIPIA NORTH,36184.0,36184.0,3.0400176873756353,12.160070749502541,3.3163829316825115,11,100.0,0.0,18.181818181818183,0.0,0.0,0.0,0.0,0.0,63.63636363636363,0.0,27.27272727272727,0.0,63.63636363636363,0.0,0.0,0.0,0.0,0.0,0.0,0.0,0.0,0.0
LAIKIPIA WEST,27,70.0,6.0,27,0,0,0,0,0,0,0,2,0,17,0,0,0,0,0,0,0,0,0,0,0,LAIKIPIA WEST,129263.0,129263.0,2.0887647664064737,5.4153160610538205,0.46416994809032747,27,100.0,0.0,0.0,0.0,0.0,0.0,0.0,0.0,7.4074074074074066,0.0,62.96296296296296,0.0,0.0,0.0,0.0,0.0,0.0,0.0,0.0,0.0,0.0,0.0
LAMU EAST,14,19.0,0.0,14,0,0,0,0,0,0,0,9,0,4,0,6,0,0,0,0,0,0,0,0,0,LAMU EAST,22258.0,22258.0,6.289873303980591,8.536256626830802,0.0,14,100.0,0.0,0.0,0.0,0.0,0.0,0.0,0.0,64.28571428571429,0.0,28.57142857142857,0.0,42.857142857142854,0.0,0.0,0.0,0.0,0.0,0.0,0.0,0.0,0.0
LAMU WEST,33,140.0,20.0,30,0,4,0,0,0,0,0,18,0,10,0,12,0,0,0,0,0,0,0,0,0,LAMU WEST,121662.0,121662.0,2.7124328056418605,11.507290690601833,1.643898670085976,30,90.9090909090909,0.0,12.121212121212121,0.0,0.0,0.0,0.0,0.0,54.54545454545454,0.0,30.303030303030305,0.0,36.36363636363637,0.0,0.0,0.0,0.0,0.0,0.0,0.0,0.0,0.0
LANGATA,61,723.0,0.0,60,0,8,0,0,0,0,0,20,0,24,0,23,0,0,0,0,0,0,0,0,0,LANGATA,197489.0,197489.0,3.0887796282324587,36.609633954296186,0.0,60,98.36065573770492,0.0,13.114754098360656,0.0,0.0,0.0,0.0,0.0,32.78688524590164,0.0,39.34426229508197,0.0,37.704918032786885,0.0,0.0,0.0,0.0,0.0,0.0,0.0,0.0,0.0
LARI,38,384.0,76.0,35,0,4,0,0,0,0,0,20,0,15,0,19,0,0,0,0,0,0,0,0,0,LARI,135303.0,135303.0,2.8085112673037553,28.380745438016895,5.617022534607511,35,92.10526315789474,0.0,10.526315789473683,0.0,0.0,0.0,0.0,0.0,52.63157894736842,0.0,39.473684210526315,0.0,50.0,0.0,0.0,0.0,0.0,0.0,0.0,0.0,0.0,0.0
LIKONI,39,64.0,4.0,39,0,3,0,0,0,0,0,14,0,3,0,6,0,0,0,0,0,0,0,0,0,LIKONI,250358.0,250358.0,1.5577692743990605,2.556339322090766,0.15977120763067287,39,100.0,0.0,7.6923076923076925,0.0,0.0,0.0,0.0,0.0,35.8974358974359,0.0,7.6923076923076925,0.0,15.384615384615385,0.0,0.0,0.0,0.0,0.0,0.0,0.0,0.0,0.0
LIKUYANI,18,93.0,5.0,18,0,3,0,0,0,0,0,11,0,3,0,9,0,0,0,0,0,0,0,0,0,LIKUYANI,152055.0,152055.0,1.1837821840781297,6.116207951070336,0.3288283844661471,18,100.0,0.0,16.666666666666664,0.0,0.0,0.0,0.0,0.0,61.111111111111114,0.0,16.666666666666664,0.0,50.0,0.0,0.0,0.0,0.0,0.0,0.0,0.0,0.0,0.0
LIMURU,39,328.0,117.0,37,0,2,0,0,0,0,0,11,0,8,0,11,0,0,0,0,0,0,0,0,0,LIMURU,159314.0,159314.0,2.4479957819149605,20.58827221713095,7.343987345744881,37,94.87179487179486,0.0,5.128205128205128,0.0,0.0,0.0,0.0,0.0,28.205128205128204,0.0,20.51282051282051,0.0,28.205128205128204,0.0,0.0,0.0,0.0,0.0,0.0,0.0,0.0,0.0
LOIMA,24,74.0,2.0,19,0,3,0,0,0,0,0,6,0,5,0,10,0,0,0,0,0,0,0,0,0,LOIMA,107795.0,107795.0,2.22644835103669,6.864882415696461,0.18553736258639084,19,79.16666666666666,0.0,12.5,0.0,0.0,0.0,0.0,0.0,25.0,0.0,20.833333333333336,0.0,41.66666666666667,0.0,0.0,0.0,0.0,0.0,0.0,0.0,0.0,0.0
LOITOKTOK,44,352.0,50.0,39,0,5,0,0,0,0,0,24,0,25,0,20,0,0,0,0,0,0,0,0,0,,,,,,,39,88.63636363636364,0.0,11.363636363636363,0.0,0.0,0.0,0.0,0.0,54.54545454545454,0.0,56.81818181818182,0.0,45.45454545454545,0.0,0.0,0.0,0.0,0.0,0.0,0.0,0.0,0.0
LONDIANI,25,106.0,1.0,24,0,1,0,0,0,0,0,21,0,5,0,19,0,0,0,0,0,0,0,0,0,LONDIANI,137580.0,137580.0,1.817124582061346,7.704608227940107,0.07268498328245385,24,96.0,0.0,4.0,0.0,0.0,0.0,0.0,0.0,84.0,0.0,20.0,0.0,76.0,0.0,0.0,0.0,0.0,0.0,0.0,0.0,0.0,0.0
LOWER YATTA,22,16.0,8.0,15,0,1,0,0,0,0,0,6,0,2,0,6,0,0,0,0,0,0,0,0,0,LOWER YATTA,63329.0,63329.0,3.4739218999194685,2.5264886544868856,1.2632443272434428,15,68.18181818181817,0.0,4.545454545454546,0.0,0.0,0.0,0.0,0.0,27.27272727272727,0.0,9.090909090909092,0.0,27.27272727272727,0.0,0.0,0.0,0.0,0.0,0.0,0.0,0.0,0.0
LOYANGALANI,8,30.0,9.0,7,0,2,0,0,0,0,0,2,0,4,0,3,0,0,0,0,0,0,0,0,0,,,,,,,7,87.5,0.0,25.0,0.0,0.0,0.0,0.0,0.0,25.0,0.0,50.0,0.0,37.5,0.0,0.0,0.0,0.0,0.0,0.0,0.0,0.0,0.0
LUGARI,30,109.0,6.0,26,0,3,0,0,0,0,0,24,0,3,0,20,0,0,0,0,0,0,0,0,0,LUGARI,122728.0,122728.0,2.444429958933577,8.881428850791997,0.4888859917867153,26,86.66666666666667,0.0,10.0,0.0,0.0,0.0,0.0,0.0,80.0,0.0,10.0,0.0,66.66666666666666,0.0,0.0,0.0,0.0,0.0,0.0,0.0,0.0,0.0
MAARA,49,371.0,24.0,49,0,3,0,0,0,0,0,27,0,16,0,21,0,0,0,0,0,0,0,0,0,MAARA,114894.0,114894.0,4.264800598812819,32.290633105297054,2.088881925949136,49,100.0,0.0,6.122448979591836,0.0,0.0,0.0,0.0,0.0,55.10204081632652,0.0,32.6530612244898,0.0,42.857142857142854,0.0,0.0,0.0,0.0,0.0,0.0,0.0,0.0,0.0
MACHAKOS,136,1658.0,186.0,126,0,2,0,0,0,0,0,50,0,14,0,48,0,0,0,0,0,0,0,0,0,MACHAKOS,1421932.0,1421932.0,0.9564451745934405,11.660191907911209,1.308079429958676,126,92.64705882352942,0.0,1.4705882352941175,0.0,0.0,0.0,0.0,0.0,36.76470588235294,0.0,10.294117647058822,0.0,35.294117647058826,0.0,0.0,0.0,0.0,0.0,0.0,0.0,0.0,0.0
MACHAKOS,136,1658.0,186.0,126,0,2,0,0,0,0,0,50,0,14,0,48,0,0,0,0,0,0,0,0,0,MACHAKOS,170606.0,170606.0,7.971583648875186,97.18298301349309,10.902312931549886,126,92.64705882352942,0.0,1.4705882352941175,0.0,0.0,0.0,0.0,0.0,36.76470588235294,0.0,10.294117647058822,0.0,35.294117647058826,0.0,0.0,0.0,0.0,0.0,0.0,0.0,0.0,0.0
MAGARINI,34,52.0,5.0,30,0,6,0,0,0,0,0,17,0,14,0,16,0,0,0,0,0,0,0,0,0,MAGARINI,191610.0,191610.0,1.7744376598298628,2.7138458326809665,0.26094671468086217,30,88.23529411764706,0.0,17.647058823529413,0.0,0.0,0.0,0.0,0.0,50.0,0.0,41.17647058823529,0.0,47.05882352941176,0.0,0.0,0.0,0.0,0.0,0.0,0.0,0.0,0.0
MAKADARA,55,195.0,19.0,51,0,9,0,0,0,0,0,24,0,13,0,27,0,0,0,0,0,0,0,0,0,MAKADARA,189536.0,189536.0,2.9018234003039,10.288282964713828,1.0024480837413474,51,92.72727272727272,0.0,16.363636363636363,0.0,0.0,0.0,0.0,0.0,43.63636363636363,0.0,23.636363636363637,0.0,49.09090909090909,0.0,0.0,0.0,0.0,0.0,0.0,0.0,0.0,0.0
MAKINDU,35,145.0,26.0,21,0,1,0,0,0,0,0,5,0,7,0,6,0,0,0,0,0,0,0,0,0,MAKINDU,84946.0,84946.0,4.120264638711652,17.069667788948273,3.060768017328656,21,60.0,0.0,2.857142857142857,0.0,0.0,0.0,0.0,0.0,14.285714285714285,0.0,20.0,0.0,17.142857142857142,0.0,0.0,0.0,0.0,0.0,0.0,0.0,0.0,0.0
MAKUENI,56,213.0,63.0,43,0,1,0,0,0,0,0,11,0,11,0,11,0,0,0,0,0,0,0,0,0,MAKUENI,987653.0,987653.0,0.5670007583635143,2.1566278844897955,0.6378758531589537,43,76.78571428571429,0.0,1.7857142857142856,0.0,0.0,0.0,0.0,0.0,19.642857142857142,0.0,19.642857142857142,0.0,19.642857142857142,0.0,0.0,0.0,0.0,0.0,0.0,0.0,0.0,0.0
MAKUENI,56,213.0,63.0,43,0,1,0,0,0,0,0,11,0,11,0,11,0,0,0,0,0,0,0,0,0,MAKUENI,130375.0,130375.0,4.295302013422819,16.337488015340362,4.832214765100671,43,76.78571428571429,0.0,1.7857142857142856,0.0,0.0,0.0,0.0,0.0,19.642857142857142,0.0,19.642857142857142,0.0,19.642857142857142,0.0,0.0,0.0,0.0,0.0,0.0,0.0,0.0,0.0
MALINDI,86,329.0,37.0,74,0,3,0,0,0,0,0,26,0,21,0,21,0,0,0,0,0,0,0,0,0,MALINDI,333226.0,333226.0,2.5808310275908846,9.873179163690708,1.1103575351263106,74,86.04651162790698,0.0,3.488372093023256,0.0,0.0,0.0,0.0,0.0,30.23255813953488,0.0,24.418604651162788,0.0,24.418604651162788,0.0,0.0,0.0,0.0,0.0,0.0,0.0,0.0,0.0
MANDERA CENTRAL,15,79.0,19.0,12,0,1,0,0,0,0,0,7,0,0,0,6,0,0,0,0,0,0,0,0,0,MANDERA CENTRAL,157220.0,157220.0,0.9540770894288257,5.024806004325149,1.208497646609846,12,80.0,0.0,6.666666666666667,0.0,0.0,0.0,0.0,0.0,46.666666666666664,0.0,0.0,0.0,40.0,0.0,0.0,0.0,0.0,0.0,0.0,0.0,0.0,0.0
MANDERA EAST,42,249.0,13.0,37,0,1,0,0,0,0,0,7,0,1,0,6,0,0,0,0,0,0,0,0,0,MANDERA EAST,159638.0,159638.0,2.63095253009935,15.597789999874717,0.8143424497926559,37,88.09523809523809,0.0,2.380952380952381,0.0,0.0,0.0,0.0,0.0,16.666666666666664,0.0,2.380952380952381,0.0,14.285714285714285,0.0,0.0,0.0,0.0,0.0,0.0,0.0,0.0,0.0
MANDERA NORTH,9,25.0,10.0,6,0,1,0,0,0,0,0,5,0,0,0,2,0,0,0,0,0,0,0,0,0,MANDERA NORTH,143850.0,143850.0,0.6256517205422314,1.7379214459506431,0.6951685783802571,6,66.66666666666666,0.0,11.11111111111111,0.0,0.0,0.0,0.0,0.0,55.55555555555556,0.0,0.0,0.0,22.22222222222222,0.0,0.0,0.0,0.0,0.0,0.0,0.0,0.0,0.0
MANDERA WEST,10,34.0,7.0,9,0,1,0,0,0,0,0,4,0,0,0,3,0,0,0,0,0,0,0,0,0,MANDERA WEST,98300.0,98300.0,1.0172939979654119,3.458799593082401,0.7121057985757884,9,90.0,0.0,10.0,0.0,0.0,0.0,0.0,0.0,40.0,0.0,0.0,0.0,30.0,0.0,0.0,0.0,0.0,0.0,0.0,0.0,0.0,0.0
MANGA,22,89.0,17.0,21,0,1,0,0,0,0,0,14,0,14,0,13,0,0,0,0,0,0,0,0,0,MANGA,94209.0,94209.0,2.335233364115955,9.44708042756,1.804498508635056,21,95.45454545454545,0.0,4.545454545454546,0.0,0.0,0.0,0.0,0.0,63.63636363636363,0.0,63.63636363636363,0.0,59.09090909090909,0.0,0.0,0.0,0.0,0.0,0.0,0.0,0.0,0.0
MANYATTA,78,800.0,120.0,74,0,5,0,0,0,0,0,35,0,29,0,35,0,0,0,0,0,0,0,0,0,,,,,,,74,94.87179487179486,0.0,6.41025641025641,0.0,0.0,0.0,0.0,0.0,44.871794871794876,0.0,37.17948717948718,0.0,44.871794871794876,0.0,0.0,0.0,0.0,0.0,0.0,0.0,0.0,0.0
MARAKWET EAST,29,203.0,7.0,28,0,1,0,0,0,0,0,10,0,1,0,10,0,0,0,0,0,0,0,0,0,MARAKWET EAST,97041.0,97041.0,2.9884275718510733,20.918993002957514,0.7213445863088798,28,96.55172413793103,0.0,3.4482758620689653,0.0,0.0,0.0,0.0,0.0,34.48275862068966,0.0,3.4482758620689653,0.0,34.48275862068966,0.0,0.0,0.0,0.0,0.0,0.0,0.0,0.0,0.0
MARAKWET WEST,44,240.0,5.0,39,0,3,0,0,0,0,0,18,0,6,0,17,0,0,0,0,0,0,0,0,0,MARAKWET WEST,137513.0,137513.0,3.1996974831470477,17.45289536262026,0.36360198672125543,39,88.63636363636364,0.0,6.8181818181818175,0.0,0.0,0.0,0.0,0.0,40.909090909090914,0.0,13.636363636363635,0.0,38.63636363636363,0.0,0.0,0.0,0.0,0.0,0.0,0.0,0.0,0.0
MARANI,9,16.0,7.0,9,0,1,0,0,0,0,0,7,0,4,0,7,0,0,0,0,0,0,0,0,0,MARANI,107464.0,107464.0,0.8374897640139953,1.4888706915804364,0.6513809275664408,9,100.0,0.0,11.11111111111111,0.0,0.0,0.0,0.0,0.0,77.77777777777779,0.0,44.44444444444444,0.0,77.77777777777779,0.0,0.0,0.0,0.0,0.0,0.0,0.0,0.0,0.0
MARIGAT,19,50.0,0.0,14,0,1,0,0,0,0,0,9,0,9,0,10,0,0,0,0,0,0,0,0,0,MARIGAT,90955.0,90955.0,2.0889450827332197,5.497223901929526,0.0,14,73.68421052631578,0.0,5.263157894736842,0.0,0.0,0.0,0.0,0.0,47.368421052631575,0.0,47.368421052631575,0.0,52.63157894736842,0.0,0.0,0.0,0.0,0.0,0.0,0.0,0.0,0.0
MARSABIT,27,112.0,10.0,26,0,2,0,0,0,0,0,17,0,11,0,10,0,0,0,0,0,0,0,0,0,MARSABIT,459785.0,459785.0,0.5872309883967507,2.435921137053188,0.21749295866546323,26,96.29629629629629,0.0,7.4074074074074066,0.0,0.0,0.0,0.0,0.0,62.96296296296296,0.0,40.74074074074074,0.0,37.03703703703704,0.0,0.0,0.0,0.0,0.0,0.0,0.0,0.0,0.0
MARSABIT NORTH,12,0.0,0.0,8,0,0,0,0,0,0,0,6,0,8,0,7,0,0,0,0,0,0,0,0,0,MARSABIT NORTH,54297.0,54297.0,2.210066854522349,0.0,0.0,8,66.66666666666666,0.0,0.0,0.0,0.0,0.0,0.0,0.0,50.0,0.0,66.66666666666666,0.0,58.333333333333336,0.0,0.0,0.0,0.0,0.0,0.0,0.0,0.0,0.0
MARSABIT SOUTH,11,69.0,15.0,11,0,2,0,0,0,0,0,5,0,8,0,6,0,0,0,0,0,0,0,0,0,MARSABIT SOUTH,65376.0,65376.0,1.682574645129711,10.554331864904551,2.294419970631424,11,100.0,0.0,18.181818181818183,0.0,0.0,0.0,0.0,0.0,45.45454545454545,0.0,72.72727272727273,0.0,54.54545454545454,0.0,0.0,0.0,0.0,0.0,0.0,0.0,0.0,0.0
MASABA SOUTH,18,87.0,3.0,17,0,2,0,0,0,0,0,15,0,14,0,15,0,0,0,0,0,0,0,0,0,MASABA SOUTH,122396.0,122396.0,1.4706362953037682,7.108075427301546,0.2451060492172947,17,94.44444444444444,0.0,11.11111111111111,0.0,0.0,0.0,0.0,0.0,83.33333333333334,0.0,77.77777777777779,0.0,83.33333333333334,0.0,0.0,0.0,0.0,0.0,0.0,0.0,0.0,0.0
MASHURU,12,32.0,5.0,11,0,2,0,0,0,0,0,7,0,0,0,3,0,0,0,0,0,0,0,0,0,,,,,,,11,91.66666666666666,0.0,16.666666666666664,0.0,0.0,0.0,0.0,0.0,58.333333333333336,0.0,0.0,0.0,25.0,0.0,0.0,0.0,0.0,0.0,0.0,0.0,0.0,0.0
MASINGA,46,112.0,98.0,39,0,2,0,0,0,0,0,21,0,23,0,23,0,0,0,0,0,0,0,0,0,MASINGA,148522.0,148522.0,3.0971842555311673,7.540970361293276,6.598349066131617,39,84.78260869565217,0.0,4.3478260869565215,0.0,0.0,0.0,0.0,0.0,45.65217391304348,0.0,50.0,0.0,50.0,0.0,0.0,0.0,0.0,0.0,0.0,0.0,0.0,0.0
MATETE,7,14.0,0.0,7,0,1,0,0,0,0,0,6,0,0,0,5,0,0,0,0,0,0,0,0,0,MATETE,66172.0,66172.0,1.0578492413709726,2.115698482741945,0.0,7,100.0,0.0,14.285714285714285,0.0,0.0,0.0,0.0,0.0,85.71428571428571,0.0,0.0,0.0,71.42857142857143,0.0,0.0,0.0,0.0,0.0,0.0,0.0,0.0,0.0
MATHARE,16,730.0,0.0,16,0,5,0,0,0,0,0,6,0,8,0,6,0,0,0,0,0,0,0,0,0,MATHARE,206564.0,206564.0,0.7745783389167522,35.340136713076824,0.0,16,100.0,0.0,31.25,0.0,0.0,0.0,0.0,0.0,37.5,0.0,50.0,0.0,37.5,0.0,0.0,0.0,0.0,0.0,0.0,0.0,0.0,0.0
MATHIOYA,31,0.0,0.0,30,0,1,0,0,0,0,0,8,0,5,0,9,0,0,0,0,0,0,0,0,0,MATHIOYA,92814.0,92814.0,3.3400133600534403,0.0,0.0,30,96.7741935483871,0.0,3.225806451612903,0.0,0.0,0.0,0.0,0.0,25.806451612903224,0.0,16.129032258064516,0.0,29.03225806451613,0.0,0.0,0.0,0.0,0.0,0.0,0.0,0.0,0.0
MATHIRA EAST,62,305.0,24.0,55,0,2,0,0,0,0,0,47,0,15,0,9,0,0,0,0,0,0,0,0,0,MATHIRA EAST,99065.0,99065.0,6.258517135214253,30.787866552263665,2.422651794276485,55,88.70967741935483,0.0,3.225806451612903,0.0,0.0,0.0,0.0,0.0,75.80645161290323,0.0,24.193548387096776,0.0,14.516129032258066,0.0,0.0,0.0,0.0,0.0,0.0,0.0,0.0,0.0
MATHIRA WEST,15,215.0,18.0,14,0,0,0,0,0,0,0,9,0,5,0,5,0,0,0,0,0,0,0,0,0,MATHIRA WEST,59895.0,59895.0,2.5043826696719256,35.89615159863094,3.0052592036063115,14,93.33333333333333,0.0,0.0,0.0,0.0,0.0,0.0,0.0,60.0,0.0,33.33333333333333,0.0,33.33333333333333,0.0,0.0,0.0,0.0,0.0,0.0,0.0,0.0,0.0
MATINYANI,8,4.0,0.0,8,0,0,0,0,0,0,0,6,0,1,0,4,0,0,0,0,0,0,0,0,0,MATINYANI,47811.0,47811.0,1.6732551086570038,0.8366275543285019,0.0,8,100.0,0.0,0.0,0.0,0.0,0.0,0.0,0.0,75.0,0.0,12.5,0.0,50.0,0.0,0.0,0.0,0.0,0.0,0.0,0.0,0.0,0.0
MATUGA,33,80.0,6.0,32,0,4,0,0,0,0,0,21,0,22,0,20,0,0,0,0,0,0,0,0,0,MATUGA,194252.0,194252.0,1.698824207730165,4.118361715709491,0.3088771286782118,32,96.96969696969697,0.0,12.121212121212121,0.0,0.0,0.0,0.0,0.0,63.63636363636363,0.0,66.66666666666666,0.0,60.60606060606061,0.0,0.0,0.0,0.0,0.0,0.0,0.0,0.0,0.0
MATUNGU,13,29.0,3.0,13,0,2,0,0,0,0,0,7,0,0,0,6,0,0,0,0,0,0,0,0,0,MATUNGU,166940.0,166940.0,0.778722894453097,1.737151072241524,0.17970528333533006,13,100.0,0.0,15.384615384615385,0.0,0.0,0.0,0.0,0.0,53.84615384615385,0.0,0.0,0.0,46.15384615384615,0.0,0.0,0.0,0.0,0.0,0.0,0.0,0.0,0.0
MATUNGULU,58,60.0,5.0,43,0,9,0,0,0,0,0,17,0,1,0,15,0,0,0,0,0,0,0,0,0,MATUNGULU,161557.0,161557.0,3.5900641878717727,3.7138595046949376,0.30948829205791145,43,74.13793103448276,0.0,15.517241379310345,0.0,0.0,0.0,0.0,0.0,29.310344827586203,0.0,1.7241379310344827,0.0,25.862068965517242,0.0,0.0,0.0,0.0,0.0,0.0,0.0,0.0,0.0
MBEERE NORTH,22,114.0,2.0,22,0,2,0,0,0,0,0,10,0,10,0,8,0,0,0,0,0,0,0,0,0,MBEERE NORTH,108881.0,108881.0,2.020554550380691,10.470146306518124,0.18368677730733554,22,100.0,0.0,9.090909090909092,0.0,0.0,0.0,0.0,0.0,45.45454545454545,0.0,45.45454545454545,0.0,36.36363636363637,0.0,0.0,0.0,0.0,0.0,0.0,0.0,0.0,0.0
MBEERE SOUTH,36,39.0,13.0,36,0,2,0,0,0,0,0,23,0,24,0,21,0,0,0,0,0,0,0,0,0,MBEERE SOUTH,163476.0,163476.0,2.2021581149526535,2.385671291198708,0.7952237637329027,36,100.0,0.0,5.555555555555555,0.0,0.0,0.0,0.0,0.0,63.888888888888886,0.0,66.66666666666666,0.0,58.333333333333336,0.0,0.0,0.0,0.0,0.0,0.0,0.0,0.0,0.0
MBITA,40,122.0,3.0,35,0,23,0,0,0,0,0,24,0,24,0,22,0,0,0,0,0,0,0,0,0,,,,,,,35,87.5,0.0,57.49999999999999,0.0,0.0,0.0,0.0,0.0,60.0,0.0,60.0,0.0,55.00000000000001,0.0,0.0,0.0,0.0,0.0,0.0,0.0,0.0,0.0
MBOONI EAST,23,120.0,44.0,18,0,3,0,0,0,0,0,9,0,3,0,9,0,0,0,0,0,0,0,0,0,MBOONI EAST,97756.0,97756.0,2.3527967592782026,12.27546135275584,4.501002496010475,18,78.26086956521739,0.0,13.043478260869565,0.0,0.0,0.0,0.0,0.0,39.130434782608695,0.0,13.043478260869565,0.0,39.130434782608695,0.0,0.0,0.0,0.0,0.0,0.0,0.0,0.0,0.0
MBOONI WEST,25,86.0,28.0,18,0,1,0,0,0,0,0,10,0,3,0,10,0,0,0,0,0,0,0,0,0,MBOONI WEST,102594.0,102594.0,2.4367896758095013,8.382556484784685,2.7292044369066417,18,72.0,0.0,4.0,0.0,0.0,0.0,0.0,0.0,40.0,0.0,12.0,0.0,40.0,0.0,0.0,0.0,0.0,0.0,0.0,0.0,0.0,0.0
MERTI,9,24.0,6.0,9,0,1,0,0,0,0,0,7,0,7,0,7,0,0,0,0,0,0,0,0,0,MERTI,47206.0,47206.0,1.906537304579926,5.0840994788798035,1.2710248697199509,9,100.0,0.0,11.11111111111111,0.0,0.0,0.0,0.0,0.0,77.77777777777779,0.0,77.77777777777779,0.0,77.77777777777779,0.0,0.0,0.0,0.0,0.0,0.0,0.0,0.0,0.0
MERU CENTRAL,30,226.0,9.0,30,0,2,0,0,0,0,0,11,0,9,0,15,0,0,0,0,0,0,0,0,0,MERU CENTRAL,133818.0,133818.0,2.241850872079989,16.888609903002585,0.6725552616239968,30,100.0,0.0,6.666666666666667,0.0,0.0,0.0,0.0,0.0,36.666666666666664,0.0,30.0,0.0,50.0,0.0,0.0,0.0,0.0,0.0,0.0,0.0,0.0,0.0
MERU SOUTH,53,206.0,14.0,50,0,6,0,0,0,0,0,29,0,9,0,18,0,0,0,0,0,0,0,0,0,MERU SOUTH,91080.0,91080.0,5.819060166886254,22.61747913921827,1.5371102327624067,50,94.33962264150944,0.0,11.320754716981133,0.0,0.0,0.0,0.0,0.0,54.71698113207547,0.0,16.9811320754717,0.0,33.9622641509434,0.0,0.0,0.0,0.0,0.0,0.0,0.0,0.0,0.0
MIGORI,57,792.0,44.0,53,0,24,0,0,0,0,0,28,0,28,0,28,0,0,0,0,0,0,0,0,0,MIGORI,1116436.0,1116436.0,0.510553224725824,7.0940027014535545,0.39411126119186407,53,92.98245614035088,0.0,42.10526315789473,0.0,0.0,0.0,0.0,0.0,49.122807017543856,0.0,49.122807017543856,0.0,49.122807017543856,0.0,0.0,0.0,0.0,0.0,0.0,0.0,0.0,0.0
MIRANGINE,7,26.0,2.0,7,0,1,0,0,0,0,0,4,0,4,0,4,0,0,0,0,0,0,0,0,0,MIRANGINE,67214.0,67214.0,1.0414496979795875,3.8682417353527536,0.29755705656559645,7,100.0,0.0,14.285714285714285,0.0,0.0,0.0,0.0,0.0,57.14285714285714,0.0,57.14285714285714,0.0,57.14285714285714,0.0,0.0,0.0,0.0,0.0,0.0,0.0,0.0,0.0
MOGOTIO,34,51.0,5.0,33,0,0,0,0,0,0,0,12,0,15,0,14,0,0,0,0,0,0,0,0,0,MOGOTIO,91104.0,91104.0,3.7319985950122936,5.597997892518441,0.5488233227959255,33,97.05882352941177,0.0,0.0,0.0,0.0,0.0,0.0,0.0,35.294117647058826,0.0,44.11764705882353,0.0,41.17647058823529,0.0,0.0,0.0,0.0,0.0,0.0,0.0,0.0,0.0
MOLO,27,112.0,0.0,22,0,2,0,0,0,0,0,18,0,12,0,16,0,0,0,0,0,0,0,0,0,MOLO,156732.0,156732.0,1.7226858586631957,7.145956154454738,0.0,22,81.48148148148148,0.0,7.4074074074074066,0.0,0.0,0.0,0.0,0.0,66.66666666666666,0.0,44.44444444444444,0.0,59.25925925925925,0.0,0.0,0.0,0.0,0.0,0.0,0.0,0.0,0.0
MOYALE,33,182.0,12.0,32,0,1,0,0,0,0,0,13,0,14,0,13,0,0,0,0,0,0,0,0,0,MOYALE,108949.0,108949.0,3.028940146306988,16.705063837208236,1.1014327804752682,32,96.96969696969697,0.0,3.0303030303030303,0.0,0.0,0.0,0.0,0.0,39.39393939393939,0.0,42.42424242424242,0.0,39.39393939393939,0.0,0.0,0.0,0.0,0.0,0.0,0.0,0.0,0.0
MSAMBWENI,53,227.0,7.0,50,0,9,0,0,0,0,0,29,0,26,0,25,0,0,0,0,0,0,0,0,0,MSAMBWENI,177690.0,177690.0,2.9827227193426755,12.775057684731838,0.39394451010186277,50,94.33962264150944,0.0,16.9811320754717,0.0,0.0,0.0,0.0,0.0,54.71698113207547,0.0,49.056603773584904,0.0,47.16981132075472,0.0,0.0,0.0,0.0,0.0,0.0,0.0,0.0,0.0
MT ELGON,19,86.0,0.0,14,0,2,0,0,0,0,0,9,0,9,0,9,0,0,0,0,0,0,0,0,0,MT ELGON,78873.0,78873.0,2.4089358842696487,10.903604528799463,0.0,14,73.68421052631578,0.0,10.526315789473683,0.0,0.0,0.0,0.0,0.0,47.368421052631575,0.0,47.368421052631575,0.0,47.368421052631575,0.0,0.0,0.0,0.0,0.0,0.0,0.0,0.0,0.0
MUHORONI,31,178.0,32.0,31,0,10,0,0,0,0,0,17,0,7,0,16,0,0,0,0,0,0,0,0,0,MUHORONI,154116.0,154116.0,2.011471878325417,11.5497417529653,2.076358067948818,31,100.0,0.0,32.25806451612903,0.0,0.0,0.0,0.0,0.0,54.83870967741935,0.0,22.58064516129032,0.0,51.61290322580645,0.0,0.0,0.0,0.0,0.0,0.0,0.0,0.0,0.0
MUKAA,30,54.0,8.0,19,0,4,0,0,0,0,0,7,0,1,0,7,0,0,0,0,0,0,0,0,0,MUKAA,107549.0,107549.0,2.789426215027569,5.0209671870496235,0.7438469906740184,19,63.33333333333333,0.0,13.333333333333334,0.0,0.0,0.0,0.0,0.0,23.333333333333332,0.0,3.3333333333333335,0.0,23.333333333333332,0.0,0.0,0.0,0.0,0.0,0.0,0.0,0.0,0.0
MUKURWEINI,46,168.0,1.0,44,0,2,0,0,0,0,0,14,0,4,0,15,0,0,0,0,0,0,0,0,0,MUKURWEINI,89137.0,89137.0,5.160595487844554,18.84739221647576,0.11218685843140334,44,95.65217391304348,0.0,4.3478260869565215,0.0,0.0,0.0,0.0,0.0,30.434782608695656,0.0,8.695652173913043,0.0,32.608695652173914,0.0,0.0,0.0,0.0,0.0,0.0,0.0,0.0,0.0
MUMIAS,30,62.0,5.0,28,0,5,0,0,0,0,0,19,0,5,0,16,0,0,0,0,0,0,0,0,0,,,,,,,28,93.33333333333333,0.0,16.666666666666664,0.0,0.0,0.0,0.0,0.0,63.33333333333333,0.0,16.666666666666664,0.0,53.333333333333336,0.0,0.0,0.0,0.0,0.0,0.0,0.0,0.0,0.0
MUMIAS EAST,1,2.0,0.0,1,0,0,0,0,0,0,0,0,0,0,0,0,0,0,0,0,0,0,0,0,0,MUMIAS EAST,116851.0,116851.0,0.08557907078244943,0.17115814156489886,0.0,1,100.0,0.0,0.0,0.0,0.0,0.0,0.0,0.0,0.0,0.0,0.0,0.0,0.0,0.0,0.0,0.0,0.0,0.0,0.0,0.0,0.0,0.0
MUMIAS WEST,2,11.0,0.0,2,0,0,0,0,0,0,0,0,0,0,0,0,0,0,0,0,0,0,0,0,0,MUMIAS WEST,115354.0,115354.0,0.17337933665065797,0.9535863515786188,0.0,2,100.0,0.0,0.0,0.0,0.0,0.0,0.0,0.0,0.0,0.0,0.0,0.0,0.0,0.0,0.0,0.0,0.0,0.0,0.0,0.0,0.0,0.0
MUMONI,9,8.0,0.0,7,0,0,0,0,0,0,0,5,0,5,0,4,0,0,0,0,0,0,0,0,0,MUMONI,29344.0,29344.0,3.067066521264995,2.7262813522355507,0.0,7,77.77777777777779,0.0,0.0,0.0,0.0,0.0,0.0,0.0,55.55555555555556,0.0,55.55555555555556,0.0,44.44444444444444,0.0,0.0,0.0,0.0,0.0,0.0,0.0,0.0,0.0
MURANGA SOUTH,43,125.0,4.0,33,0,4,0,0,0,0,0,22,0,13,0,17,0,0,0,0,0,0,0,0,0,MURANGA SOUTH,184824.0,184824.0,2.3265376790892955,6.763190927585162,0.21642210968272518,33,76.74418604651163,0.0,9.30232558139535,0.0,0.0,0.0,0.0,0.0,51.162790697674424,0.0,30.23255813953488,0.0,39.53488372093023,0.0,0.0,0.0,0.0,0.0,0.0,0.0,0.0,0.0
MURANGA WEST,18,0.0,0.0,18,0,1,0,0,0,0,0,7,0,7,0,9,0,0,0,0,0,0,0,0,0,,,,,,,18,100.0,0.0,5.555555555555555,0.0,0.0,0.0,0.0,0.0,38.88888888888889,0.0,38.88888888888889,0.0,50.0,0.0,0.0,0.0,0.0,0.0,0.0,0.0,0.0,0.0
MUTITU,28,32.0,0.0,15,0,1,0,0,0,0,0,7,0,1,0,8,0,0,0,0,0,0,0,0,0,MUTITU,55287.0,55287.0,5.064481704559842,5.787979090925535,0.0,15,53.57142857142857,0.0,3.571428571428571,0.0,0.0,0.0,0.0,0.0,25.0,0.0,3.571428571428571,0.0,28.57142857142857,0.0,0.0,0.0,0.0,0.0,0.0,0.0,0.0,0.0
MUTOMO,40,159.0,2.0,32,0,2,0,0,0,0,0,13,0,1,0,12,0,0,0,0,0,0,0,0,0,MUTOMO,113356.0,113356.0,3.528706023501182,14.026606443417199,0.1764353011750591,32,80.0,0.0,5.0,0.0,0.0,0.0,0.0,0.0,32.5,0.0,2.5,0.0,30.0,0.0,0.0,0.0,0.0,0.0,0.0,0.0,0.0,0.0
MVITA,106,936.0,125.0,106,0,8,0,0,0,0,0,19,0,18,0,23,0,0,0,0,0,0,0,0,0,MVITA,154171.0,154171.0,6.875482418872551,60.71180701947837,8.107880210934612,106,100.0,0.0,7.547169811320755,0.0,0.0,0.0,0.0,0.0,17.92452830188679,0.0,16.9811320754717,0.0,21.69811320754717,0.0,0.0,0.0,0.0,0.0,0.0,0.0,0.0,0.0
MWALA,51,74.0,25.0,40,0,3,0,0,0,0,0,28,0,34,0,27,0,0,0,0,0,0,0,0,0,MWALA,181896.0,181896.0,2.8037999736112944,4.068258785239917,1.3744117517702423,40,78.43137254901961,0.0,5.88235294117647,0.0,0.0,0.0,0.0,0.0,54.90196078431373,0.0,66.66666666666666,0.0,52.94117647058824,0.0,0.0,0.0,0.0,0.0,0.0,0.0,0.0,0.0
MWATATE,26,50.0,7.0,26,0,0,0,0,0,0,0,1,0,17,0,15,0,0,0,0,0,0,0,0,0,MWATATE,81659.0,81659.0,3.1839723729166414,6.1230237940704635,0.8572233311698648,26,100.0,0.0,0.0,0.0,0.0,0.0,0.0,0.0,3.8461538461538463,0.0,65.38461538461539,0.0,57.692307692307686,0.0,0.0,0.0,0.0,0.0,0.0,0.0,0.0,0.0
MWINGI CENTRAL,52,176.0,28.0,40,0,1,0,0,0,0,0,18,0,18,0,17,0,0,0,0,0,0,0,0,0,MWINGI CENTRAL,108713.0,108713.0,4.783236595439368,16.1894161691794,2.5755889360058135,40,76.92307692307693,0.0,1.9230769230769231,0.0,0.0,0.0,0.0,0.0,34.61538461538461,0.0,34.61538461538461,0.0,32.69230769230769,0.0,0.0,0.0,0.0,0.0,0.0,0.0,0.0,0.0
MWINGI EAST,39,45.0,27.0,29,0,2,0,0,0,0,0,20,0,20,0,20,0,0,0,0,0,0,0,0,0,MWINGI EAST,85139.0,85139.0,4.580744429697319,5.2854743419584445,3.171284605175067,29,74.35897435897436,0.0,5.128205128205128,0.0,0.0,0.0,0.0,0.0,51.28205128205128,0.0,51.28205128205128,0.0,51.28205128205128,0.0,0.0,0.0,0.0,0.0,0.0,0.0,0.0,0.0
MWINGI WEST,25,107.0,46.0,23,0,1,0,0,0,0,0,17,0,17,0,16,0,0,0,0,0,0,0,0,0,,,,,,,23,92.0,0.0,4.0,0.0,0.0,0.0,0.0,0.0,68.0,0.0,68.0,0.0,64.0,0.0,0.0,0.0,0.0,0.0,0.0,0.0,0.0,0.0
NAIVASHA,74,425.0,71.0,65,0,10,0,0,0,0,0,40,0,39,0,33,0,0,0,0,0,0,0,0,0,NAIVASHA,355383.0,355383.0,2.082260547071751,11.958928817641812,1.9978445789472203,65,87.83783783783784,0.0,13.513513513513514,0.0,0.0,0.0,0.0,0.0,54.054054054054056,0.0,52.702702702702695,0.0,44.5945945945946,0.0,0.0,0.0,0.0,0.0,0.0,0.0,0.0,0.0
NAKURU,112,1061.0,212.0,108,0,10,0,0,0,0,0,47,0,46,0,47,0,0,0,0,0,0,0,0,0,NAKURU,2162202.0,2162202.0,0.5179904560258477,4.907034587887718,0.9804819346203546,108,96.42857142857143,0.0,8.928571428571429,0.0,0.0,0.0,0.0,0.0,41.964285714285715,0.0,41.07142857142857,0.0,41.964285714285715,0.0,0.0,0.0,0.0,0.0,0.0,0.0,0.0,0.0
NAKURU NORTH,43,149.0,31.0,42,0,2,0,0,0,0,0,23,0,23,0,17,0,0,0,0,0,0,0,0,0,NAKURU NORTH,218050.0,218050.0,1.9720247649621645,6.833295115799128,1.4216922724145837,42,97.67441860465115,0.0,4.651162790697675,0.0,0.0,0.0,0.0,0.0,53.48837209302325,0.0,53.48837209302325,0.0,39.53488372093023,0.0,0.0,0.0,0.0,0.0,0.0,0.0,0.0,0.0
NAMBALE,11,16.0,7.0,11,0,1,0,0,0,0,0,6,0,6,0,6,0,0,0,0,0,0,0,0,0,NAMBALE,111636.0,111636.0,0.9853452291375542,1.4332294242000787,0.6270378730875344,11,100.0,0.0,9.090909090909092,0.0,0.0,0.0,0.0,0.0,54.54545454545454,0.0,54.54545454545454,0.0,54.54545454545454,0.0,0.0,0.0,0.0,0.0,0.0,0.0,0.0,0.0
NANDI CENTRAL,34,188.0,12.0,30,0,3,0,0,0,0,0,7,0,5,0,17,0,0,0,0,0,0,0,0,0,NANDI CENTRAL,147553.0,147553.0,2.304256775531504,12.74118452352714,0.8132670972464132,30,88.23529411764706,0.0,8.823529411764707,0.0,0.0,0.0,0.0,0.0,20.588235294117645,0.0,14.705882352941178,0.0,50.0,0.0,0.0,0.0,0.0,0.0,0.0,0.0,0.0,0.0
NANDI EAST,45,93.0,5.0,44,0,1,0,0,0,0,0,33,0,33,0,33,0,0,0,0,0,0,0,0,0,NANDI EAST,119173.0,119173.0,3.7760230924790013,7.803781057789936,0.4195581213865557,44,97.77777777777777,0.0,2.2222222222222223,0.0,0.0,0.0,0.0,0.0,73.33333333333333,0.0,73.33333333333333,0.0,73.33333333333333,0.0,0.0,0.0,0.0,0.0,0.0,0.0,0.0,0.0
NANDI NORTH,35,111.0,8.0,24,0,1,0,0,0,0,0,15,0,3,0,15,0,0,0,0,0,0,0,0,0,NANDI NORTH,166171.0,166171.0,2.106264029222909,6.679865921249797,0.48143177810809346,24,68.57142857142857,0.0,2.857142857142857,0.0,0.0,0.0,0.0,0.0,42.857142857142854,0.0,8.571428571428571,0.0,42.857142857142854,0.0,0.0,0.0,0.0,0.0,0.0,0.0,0.0,0.0
NANDI SOUTH,47,102.0,7.0,31,0,0,0,0,0,0,0,21,0,21,0,19,0,0,0,0,0,0,0,0,0,NANDI SOUTH,172750.0,172750.0,2.7206946454413896,5.904486251808972,0.40520984081041966,31,65.95744680851064,0.0,0.0,0.0,0.0,0.0,0.0,0.0,44.680851063829785,0.0,44.680851063829785,0.0,40.42553191489361,0.0,0.0,0.0,0.0,0.0,0.0,0.0,0.0,0.0
NAROK NORTH,55,306.0,20.0,48,0,7,0,0,0,0,0,27,0,4,0,30,0,0,0,0,0,0,0,0,0,NAROK NORTH,251862.0,251862.0,2.183735537715098,12.149510446196727,0.7940856500782175,48,87.27272727272727,0.0,12.727272727272727,0.0,0.0,0.0,0.0,0.0,49.09090909090909,0.0,7.2727272727272725,0.0,54.54545454545454,0.0,0.0,0.0,0.0,0.0,0.0,0.0,0.0,0.0
NAROK SOUTH,57,135.0,40.0,48,0,30,0,0,0,0,0,0,0,30,0,0,0,0,0,0,0,0,0,0,0,NAROK SOUTH,238472.0,238472.0,2.3902177194806935,5.661041967191117,1.6773457680566273,48,84.21052631578947,0.0,52.63157894736842,0.0,0.0,0.0,0.0,0.0,0.0,0.0,52.63157894736842,0.0,0.0,0.0,0.0,0.0,0.0,0.0,0.0,0.0,0.0,0.0
NDHIWA,34,114.0,23.0,30,0,4,0,0,0,0,0,16,0,10,0,17,0,0,0,0,0,0,0,0,0,NDHIWA,218136.0,218136.0,1.5586606520702682,5.226097480470899,1.0543880881651813,30,88.23529411764706,0.0,11.76470588235294,0.0,0.0,0.0,0.0,0.0,47.05882352941176,0.0,29.411764705882355,0.0,50.0,0.0,0.0,0.0,0.0,0.0,0.0,0.0,0.0,0.0
NJORO,38,68.0,26.0,32,0,2,0,0,0,0,0,26,0,22,0,26,0,0,0,0,0,0,0,0,0,NJORO,238773.0,238773.0,1.5914697222885335,2.847893187253165,1.0889003363026808,32,84.21052631578947,0.0,5.263157894736842,0.0,0.0,0.0,0.0,0.0,68.42105263157895,0.0,57.89473684210527,0.0,68.42105263157895,0.0,0.0,0.0,0.0,0.0,0.0,0.0,0.0,0.0
NORTH HORR,9,34.0,0.0,7,0,0,0,0,0,0,0,4,0,6,0,5,0,0,0,0,0,0,0,0,0,NORTH HORR,71447.0,71447.0,1.259675003849007,4.758772236762915,0.0,7,77.77777777777779,0.0,0.0,0.0,0.0,0.0,0.0,0.0,44.44444444444444,0.0,66.66666666666666,0.0,55.55555555555556,0.0,0.0,0.0,0.0,0.0,0.0,0.0,0.0,0.0
NORTH MASABA,23,113.0,11.0,22,0,1,0,0,0,0,0,16,0,14,0,16,0,0,0,0,0,0,0,0,0,,,,,,,22,95.65217391304348,0.0,4.3478260869565215,0.0,0.0,0.0,0.0,0.0,69.56521739130434,0.0,60.86956521739131,0.0,69.56521739130434,0.0,0.0,0.0,0.0,0.0,0.0,0.0,0.0,0.0
NORTH POKOT,29,90.0,3.0,25,0,1,0,0,0,0,0,11,0,7,0,10,0,0,0,0,0,0,0,0,0,,,,,,,25,86.20689655172413,0.0,3.4482758620689653,0.0,0.0,0.0,0.0,0.0,37.93103448275862,0.0,24.137931034482758,0.0,34.48275862068966,0.0,0.0,0.0,0.0,0.0,0.0,0.0,0.0,0.0
NYAHURURU,30,308.0,27.0,29,0,1,0,0,0,0,0,11,0,15,0,9,0,0,0,0,0,0,0,0,0,NYAHURURU,154704.0,154704.0,1.9391870927707107,19.908987485779292,1.7452683834936396,29,96.66666666666667,0.0,3.3333333333333335,0.0,0.0,0.0,0.0,0.0,36.666666666666664,0.0,50.0,0.0,30.0,0.0,0.0,0.0,0.0,0.0,0.0,0.0,0.0,0.0
NYAKACH,28,343.0,48.0,28,0,9,0,0,0,0,0,13,0,4,0,14,0,0,0,0,0,0,0,0,0,NYAKACH,150320.0,150320.0,1.8626929217668973,22.817988291644493,3.1931878658861095,28,100.0,0.0,32.142857142857146,0.0,0.0,0.0,0.0,0.0,46.42857142857143,0.0,14.285714285714285,0.0,50.0,0.0,0.0,0.0,0.0,0.0,0.0,0.0,0.0,0.0
NYAMACHE,15,72.0,0.0,15,0,2,0,0,0,0,0,12,0,10,0,13,0,0,0,0,0,0,0,0,0,NYAMACHE,130898.0,130898.0,1.145930419104952,5.500466011703769,0.0,15,100.0,0.0,13.333333333333334,0.0,0.0,0.0,0.0,0.0,80.0,0.0,66.66666666666666,0.0,86.66666666666667,0.0,0.0,0.0,0.0,0.0,0.0,0.0,0.0,0.0
NYAMIRA,32,386.0,38.0,29,0,3,0,0,0,0,0,16,0,5,0,17,0,0,0,0,0,0,0,0,0,NYAMIRA,605576.0,605576.0,0.5284225266523112,6.374096727743503,0.6275017503996195,29,90.625,0.0,9.375,0.0,0.0,0.0,0.0,0.0,50.0,0.0,15.625,0.0,53.125,0.0,0.0,0.0,0.0,0.0,0.0,0.0,0.0,0.0
NYAMIRA NORTH,27,143.0,11.0,21,0,3,0,0,0,0,0,19,0,7,0,18,0,0,0,0,0,0,0,0,0,NYAMIRA NORTH,167267.0,167267.0,1.6141857030974431,8.54920576084942,0.6576312123730323,21,77.77777777777779,0.0,11.11111111111111,0.0,0.0,0.0,0.0,0.0,70.37037037037037,0.0,25.925925925925924,0.0,66.66666666666666,0.0,0.0,0.0,0.0,0.0,0.0,0.0,0.0,0.0
NYANDARUA CENTRAL,18,142.0,41.0,18,0,1,0,0,0,0,0,8,0,7,0,11,0,0,0,0,0,0,0,0,0,NYANDARUA CENTRAL,75262.0,75262.0,2.391645186149717,18.8674231351811,5.447636257341022,18,100.0,0.0,5.555555555555555,0.0,0.0,0.0,0.0,0.0,44.44444444444444,0.0,38.88888888888889,0.0,61.111111111111114,0.0,0.0,0.0,0.0,0.0,0.0,0.0,0.0,0.0
NYANDARUA NORTH,30,48.0,0.0,30,0,2,0,0,0,0,0,15,0,10,0,16,0,0,0,0,0,0,0,0,0,NYANDARUA NORTH,98698.0,98698.0,3.0395752700156033,4.863320432024965,0.0,30,100.0,0.0,6.666666666666667,0.0,0.0,0.0,0.0,0.0,50.0,0.0,33.33333333333333,0.0,53.333333333333336,0.0,0.0,0.0,0.0,0.0,0.0,0.0,0.0,0.0
NYANDARUA SOUTH,20,198.0,22.0,19,0,2,0,0,0,0,0,11,0,7,0,10,0,0,0,0,0,0,0,0,0,NYANDARUA SOUTH,93870.0,93870.0,2.130606157451795,21.093000958772773,2.3436667731969747,19,95.0,0.0,10.0,0.0,0.0,0.0,0.0,0.0,55.00000000000001,0.0,35.0,0.0,50.0,0.0,0.0,0.0,0.0,0.0,0.0,0.0,0.0,0.0
NYANDARUA WEST,16,42.0,1.0,16,0,2,0,0,0,0,0,8,0,5,0,9,0,0,0,0,0,0,0,0,0,NYANDARUA WEST,97965.0,97965.0,1.6332363599244628,4.287245444801715,0.10207727249527893,16,100.0,0.0,12.5,0.0,0.0,0.0,0.0,0.0,50.0,0.0,31.25,0.0,56.25,0.0,0.0,0.0,0.0,0.0,0.0,0.0,0.0,0.0
NYANDO,24,166.0,23.0,24,0,8,0,0,0,0,0,11,0,6,0,9,0,0,0,0,0,0,0,0,0,NYANDO,161508.0,161508.0,1.4859945018203433,10.278128637590706,1.4240780642444957,24,100.0,0.0,33.33333333333333,0.0,0.0,0.0,0.0,0.0,45.83333333333333,0.0,25.0,0.0,37.5,0.0,0.0,0.0,0.0,0.0,0.0,0.0,0.0,0.0
NYATIKE,40,405.0,12.0,33,0,18,0,0,0,0,0,27,0,27,0,27,0,0,0,0,0,0,0,0,0,NYATIKE,176162.0,176162.0,2.270637254345432,22.9902022002475,0.6811911763036296,33,82.5,0.0,45.0,0.0,0.0,0.0,0.0,0.0,67.5,0.0,67.5,0.0,67.5,0.0,0.0,0.0,0.0,0.0,0.0,0.0,0.0,0.0
NYERI CENTRAL,141,655.0,78.0,132,0,6,0,0,0,0,0,12,0,9,0,13,0,0,0,0,0,0,0,0,0,NYERI CENTRAL,140338.0,140338.0,10.04717182801522,46.67303225070901,5.558009947412675,132,93.61702127659575,0.0,4.25531914893617,0.0,0.0,0.0,0.0,0.0,8.51063829787234,0.0,6.382978723404255,0.0,9.219858156028367,0.0,0.0,0.0,0.0,0.0,0.0,0.0,0.0,0.0
NYERI SOUTH,55,90.0,1.0,52,0,2,0,0,0,0,0,18,0,5,0,19,0,0,0,0,0,0,0,0,0,NYERI SOUTH,91081.0,91081.0,6.038581043247219,9.88131443440454,0.10979238260449489,52,94.54545454545455,0.0,3.6363636363636362,0.0,0.0,0.0,0.0,0.0,32.72727272727273,0.0,9.090909090909092,0.0,34.54545454545455,0.0,0.0,0.0,0.0,0.0,0.0,0.0,0.0,0.0
NZAMBANI,12,2.0,0.0,6,0,0,0,0,0,0,0,4,0,0,0,4,0,0,0,0,0,0,0,0,0,NZAMBANI,46788.0,46788.0,2.5647601949217744,0.42746003248696246,0.0,6,50.0,0.0,0.0,0.0,0.0,0.0,0.0,0.0,33.33333333333333,0.0,0.0,0.0,33.33333333333333,0.0,0.0,0.0,0.0,0.0,0.0,0.0,0.0,0.0
NZAUI,33,86.0,8.0,29,0,9,0,0,0,0,0,14,0,1,0,11,0,0,0,0,0,0,0,0,0,NZAUI,126701.0,126701.0,2.6045571858154233,6.78763387818565,0.6314078026219209,29,87.87878787878788,0.0,27.27272727272727,0.0,0.0,0.0,0.0,0.0,42.42424242424242,0.0,3.0303030303030303,0.0,33.33333333333333,0.0,0.0,0.0,0.0,0.0,0.0,0.0,0.0,0.0
POKOT CENTRAL,26,22.0,2.0,24,0,0,0,0,0,0,0,8,0,8,0,8,0,0,0,0,0,0,0,0,0,POKOT CENTRAL,119016.0,119016.0,2.1845802245076293,1.8484909591987633,0.168044632654433,24,92.3076923076923,0.0,0.0,0.0,0.0,0.0,0.0,0.0,30.76923076923077,0.0,30.76923076923077,0.0,30.76923076923077,0.0,0.0,0.0,0.0,0.0,0.0,0.0,0.0,0.0
POKOT SOUTH,25,139.0,8.0,22,0,0,0,0,0,0,0,8,0,7,0,8,0,0,0,0,0,0,0,0,0,POKOT SOUTH,80661.0,80661.0,3.099391279552696,17.23261551431299,0.9918052094568627,22,88.0,0.0,0.0,0.0,0.0,0.0,0.0,0.0,32.0,0.0,28.000000000000004,0.0,32.0,0.0,0.0,0.0,0.0,0.0,0.0,0.0,0.0,0.0
RABAI,17,16.0,0.0,17,0,2,0,0,0,0,0,9,0,6,0,7,0,0,0,0,0,0,0,0,0,RABAI,120813.0,120813.0,1.4071333382996862,1.32436078898794,0.0,17,100.0,0.0,11.76470588235294,0.0,0.0,0.0,0.0,0.0,52.94117647058824,0.0,35.294117647058826,0.0,41.17647058823529,0.0,0.0,0.0,0.0,0.0,0.0,0.0,0.0,0.0
RACHUONYO NORTH,34,369.0,54.0,34,0,4,0,0,0,0,0,19,0,6,0,19,0,0,0,0,0,0,0,0,0,RACHUONYO NORTH,178686.0,178686.0,1.9027791768801137,20.650750478493,3.0220610456331216,34,100.0,0.0,11.76470588235294,0.0,0.0,0.0,0.0,0.0,55.88235294117647,0.0,17.647058823529413,0.0,55.88235294117647,0.0,0.0,0.0,0.0,0.0,0.0,0.0,0.0,0.0
RACHUONYO SOUTH,53,331.0,30.0,51,0,5,0,0,0,0,0,23,0,6,0,23,0,0,0,0,0,0,0,0,0,RACHUONYO SOUTH,130814.0,130814.0,4.051554115002981,25.30310211445258,2.2933325179262156,51,96.22641509433963,0.0,9.433962264150944,0.0,0.0,0.0,0.0,0.0,43.39622641509434,0.0,11.320754716981133,0.0,43.39622641509434,0.0,0.0,0.0,0.0,0.0,0.0,0.0,0.0,0.0
RARIEDA,30,154.0,9.0,30,0,7,0,0,0,0,0,18,0,18,0,18,0,0,0,0,0,0,0,0,0,RARIEDA,152570.0,152570.0,1.966310545978895,10.093727469358328,0.5898931637936685,30,100.0,0.0,23.333333333333332,0.0,0.0,0.0,0.0,0.0,60.0,0.0,60.0,0.0,60.0,0.0,0.0,0.0,0.0,0.0,0.0,0.0,0.0,0.0
RONGAI,31,45.0,16.0,30,0,3,0,0,0,0,0,20,0,18,0,20,0,0,0,0,0,0,0,0,0,RONGAI,199906.0,199906.0,1.5507288425560013,2.2510579972587115,0.8003761768030975,30,96.7741935483871,0.0,9.67741935483871,0.0,0.0,0.0,0.0,0.0,64.51612903225806,0.0,58.06451612903226,0.0,64.51612903225806,0.0,0.0,0.0,0.0,0.0,0.0,0.0,0.0,0.0
RONGO,17,123.0,9.0,16,0,2,0,0,0,0,0,9,0,9,0,9,0,0,0,0,0,0,0,0,0,RONGO,124587.0,124587.0,1.3645083355406262,9.872619133617473,0.7223867658744492,16,94.11764705882352,0.0,11.76470588235294,0.0,0.0,0.0,0.0,0.0,52.94117647058824,0.0,52.94117647058824,0.0,52.94117647058824,0.0,0.0,0.0,0.0,0.0,0.0,0.0,0.0,0.0
ROYSAMBU,83,96.0,16.0,79,0,7,0,0,0,0,0,21,0,15,0,22,0,0,0,0,0,0,0,0,0,,,,,,,79,95.18072289156626,0.0,8.433734939759036,0.0,0.0,0.0,0.0,0.0,25.301204819277107,0.0,18.072289156626507,0.0,26.506024096385545,0.0,0.0,0.0,0.0,0.0,0.0,0.0,0.0,0.0
RUARAKA,40,90.0,15.0,37,0,7,0,0,0,0,0,11,0,11,0,13,0,0,0,0,0,0,0,0,0,,,,,,,37,92.5,0.0,17.5,0.0,0.0,0.0,0.0,0.0,27.500000000000004,0.0,27.500000000000004,0.0,32.5,0.0,0.0,0.0,0.0,0.0,0.0,0.0,0.0,0.0
RUIRU,96,159.0,35.0,91,0,1,0,0,0,0,0,23,0,2,0,22,0,0,0,0,0,0,0,0,0,RUIRU,371111.0,371111.0,2.5868271218045273,4.2844324204887485,0.9431140548245673,91,94.79166666666666,0.0,1.0416666666666665,0.0,0.0,0.0,0.0,0.0,23.958333333333336,0.0,2.083333333333333,0.0,22.916666666666664,0.0,0.0,0.0,0.0,0.0,0.0,0.0,0.0,0.0
SABATIA,25,115.0,9.0,19,0,2,0,0,0,0,0,14,0,10,0,14,0,0,0,0,0,0,0,0,0,SABATIA,131628.0,131628.0,1.8992919439632907,8.736742942231135,0.6837450998267847,19,76.0,0.0,8.0,0.0,0.0,0.0,0.0,0.0,56.00000000000001,0.0,40.0,0.0,56.00000000000001,0.0,0.0,0.0,0.0,0.0,0.0,0.0,0.0,0.0
SAMBURU CENTRAL,48,179.0,13.0,39,0,3,0,0,0,0,0,17,0,10,0,14,0,0,0,0,0,0,0,0,0,SAMBURU CENTRAL,164942.0,164942.0,2.9101138582047024,10.852299596221702,0.7881558365971069,39,81.25,0.0,6.25,0.0,0.0,0.0,0.0,0.0,35.41666666666667,0.0,20.833333333333336,0.0,29.166666666666668,0.0,0.0,0.0,0.0,0.0,0.0,0.0,0.0,0.0
SAMBURU EAST,27,272.0,22.0,21,0,1,0,0,0,0,0,8,0,8,0,8,0,0,0,0,0,0,0,0,0,SAMBURU EAST,77994.0,77994.0,3.461804754211862,34.8744775239121,2.820729799728184,21,77.77777777777779,0.0,3.7037037037037033,0.0,0.0,0.0,0.0,0.0,29.629629629629626,0.0,29.629629629629626,0.0,29.629629629629626,0.0,0.0,0.0,0.0,0.0,0.0,0.0,0.0,0.0
SAMBURU NORTH,22,71.0,10.0,12,0,2,0,0,0,0,0,8,0,10,0,8,0,0,0,0,0,0,0,0,0,SAMBURU NORTH,67391.0,67391.0,3.264530872074906,10.535531450787197,1.4838776691249573,12,54.54545454545454,0.0,9.090909090909092,0.0,0.0,0.0,0.0,0.0,36.36363636363637,0.0,45.45454545454545,0.0,36.36363636363637,0.0,0.0,0.0,0.0,0.0,0.0,0.0,0.0,0.0
SAMETA,14,64.0,14.0,14,0,0,0,0,0,0,0,7,0,7,0,8,0,0,0,0,0,0,0,0,0,SAMETA,66997.0,66997.0,2.0896458050360462,9.55266653730764,2.0896458050360462,14,100.0,0.0,0.0,0.0,0.0,0.0,0.0,0.0,50.0,0.0,50.0,0.0,57.14285714285714,0.0,0.0,0.0,0.0,0.0,0.0,0.0,0.0,0.0
SAMIA,17,148.0,5.0,14,0,3,0,0,0,0,0,8,0,0,0,9,0,0,0,0,0,0,0,0,0,SAMIA,107176.0,107176.0,1.5861760095543778,13.809061730238113,0.4665223557512876,14,82.35294117647058,0.0,17.647058823529413,0.0,0.0,0.0,0.0,0.0,47.05882352941176,0.0,0.0,0.0,52.94117647058824,0.0,0.0,0.0,0.0,0.0,0.0,0.0,0.0,0.0
SEME,24,112.0,1.0,24,0,6,0,0,0,0,0,11,0,12,0,12,0,0,0,0,0,0,0,0,0,SEME,121667.0,121667.0,1.9725973353497661,9.205454231632242,0.0821915556395736,24,100.0,0.0,25.0,0.0,0.0,0.0,0.0,0.0,45.83333333333333,0.0,50.0,0.0,50.0,0.0,0.0,0.0,0.0,0.0,0.0,0.0,0.0,0.0
SIAYA,43,283.0,12.0,38,0,8,0,0,0,0,0,20,0,18,0,19,0,0,0,0,0,0,0,0,0,SIAYA,993183.0,993183.0,0.43295142989761204,2.8494245270005627,0.12082365485514754,38,88.37209302325581,0.0,18.6046511627907,0.0,0.0,0.0,0.0,0.0,46.51162790697674,0.0,41.86046511627907,0.0,44.18604651162791,0.0,0.0,0.0,0.0,0.0,0.0,0.0,0.0,0.0
SIAYA,43,283.0,12.0,38,0,8,0,0,0,0,0,20,0,18,0,19,0,0,0,0,0,0,0,0,0,SIAYA,224343.0,224343.0,1.9167078981737786,12.61461244612045,0.5348952273973335,38,88.37209302325581,0.0,18.6046511627907,0.0,0.0,0.0,0.0,0.0,46.51162790697674,0.0,41.86046511627907,0.0,44.18604651162791,0.0,0.0,0.0,0.0,0.0,0.0,0.0,0.0,0.0
SOLOLO,15,130.0,0.0,15,0,1,0,0,0,0,0,6,0,6,0,7,0,0,0,0,0,0,0,0,0,SOLOLO,44822.0,44822.0,3.346570880371246,29.0036142965508,0.0,15,100.0,0.0,6.666666666666667,0.0,0.0,0.0,0.0,0.0,40.0,0.0,40.0,0.0,46.666666666666664,0.0,0.0,0.0,0.0,0.0,0.0,0.0,0.0,0.0
SOTIK,40,235.0,9.0,39,0,2,0,0,0,0,0,24,0,5,0,26,0,0,0,0,0,0,0,0,0,SOTIK,227855.0,227855.0,1.755502402843914,10.313576616707994,0.3949880406398806,39,97.5,0.0,5.0,0.0,0.0,0.0,0.0,0.0,60.0,0.0,12.5,0.0,65.0,0.0,0.0,0.0,0.0,0.0,0.0,0.0,0.0,0.0
SOUTH GUCHA,20,371.0,79.0,20,0,3,0,0,0,0,0,12,0,14,0,14,0,0,0,0,0,0,0,0,0,,,,,,,20,100.0,0.0,15.0,0.0,0.0,0.0,0.0,0.0,60.0,0.0,70.0,0.0,70.0,0.0,0.0,0.0,0.0,0.0,0.0,0.0,0.0,0.0
STAREHE,136,357.0,58.0,136,0,18,0,0,0,0,0,23,0,37,0,29,0,0,0,0,0,0,0,0,0,STAREHE,210423.0,210423.0,6.463171801561617,16.965825979099243,2.756352680077748,136,100.0,0.0,13.23529411764706,0.0,0.0,0.0,0.0,0.0,16.911764705882355,0.0,27.205882352941174,0.0,21.323529411764707,0.0,0.0,0.0,0.0,0.0,0.0,0.0,0.0,0.0
SUBA,28,138.0,12.0,25,0,18,0,0,0,0,0,18,0,18,0,18,0,0,0,0,0,0,0,0,0,,,,,,,25,89.28571428571429,0.0,64.28571428571429,0.0,0.0,0.0,0.0,0.0,64.28571428571429,0.0,64.28571428571429,0.0,64.28571428571429,0.0,0.0,0.0,0.0,0.0,0.0,0.0,0.0,0.0
SUBUKIA,29,87.0,19.0,25,0,3,0,0,0,0,0,12,0,12,0,10,0,0,0,0,0,0,0,0,0,SUBUKIA,85164.0,85164.0,3.405194683199474,10.215584049598423,2.2309896200272417,25,86.20689655172413,0.0,10.344827586206897,0.0,0.0,0.0,0.0,0.0,41.37931034482759,0.0,41.37931034482759,0.0,34.48275862068966,0.0,0.0,0.0,0.0,0.0,0.0,0.0,0.0,0.0
TANA DELTA,30,87.0,0.0,25,0,5,0,0,0,0,0,13,0,15,0,15,0,0,0,0,0,0,0,0,0,TANA DELTA,116757.0,116757.0,2.5694390914463376,7.451373365194378,0.0,25,83.33333333333334,0.0,16.666666666666664,0.0,0.0,0.0,0.0,0.0,43.333333333333336,0.0,50.0,0.0,50.0,0.0,0.0,0.0,0.0,0.0,0.0,0.0,0.0,0.0
TARBAJ,18,43.0,0.0,16,0,0,0,0,0,0,0,8,0,0,0,5,0,0,0,0,0,0,0,0,0,TARBAJ,57232.0,57232.0,3.145093653899916,7.513279284316466,0.0,16,88.88888888888889,0.0,0.0,0.0,0.0,0.0,0.0,0.0,44.44444444444444,0.0,0.0,0.0,27.77777777777778,0.0,0.0,0.0,0.0,0.0,0.0,0.0,0.0,0.0
TAVETA,15,111.0,8.0,15,0,1,0,0,0,0,0,11,0,12,0,12,0,0,0,0,0,0,0,0,0,TAVETA,91222.0,91222.0,1.6443401810966651,12.168117340115323,0.8769814299182215,15,100.0,0.0,6.666666666666667,0.0,0.0,0.0,0.0,0.0,73.33333333333333,0.0,80.0,0.0,80.0,0.0,0.0,0.0,0.0,0.0,0.0,0.0,0.0,0.0
TESO NORTH,18,109.0,11.0,17,0,5,0,0,0,0,0,5,0,7,0,9,0,0,0,0,0,0,0,0,0,TESO NORTH,138034.0,138034.0,1.304026544184766,7.896605184229972,0.7969051103351349,17,94.44444444444444,0.0,27.77777777777778,0.0,0.0,0.0,0.0,0.0,27.77777777777778,0.0,38.88888888888889,0.0,50.0,0.0,0.0,0.0,0.0,0.0,0.0,0.0,0.0,0.0
TESO SOUTH,16,201.0,6.0,16,0,4,0,0,0,0,0,2,0,4,0,4,0,0,0,0,0,0,0,0,0,TESO SOUTH,168116.0,168116.0,0.9517238097504104,11.956030359989532,0.3568964286564039,16,100.0,0.0,25.0,0.0,0.0,0.0,0.0,0.0,12.5,0.0,25.0,0.0,25.0,0.0,0.0,0.0,0.0,0.0,0.0,0.0,0.0,0.0
TETU,52,14.0,0.0,44,0,2,0,0,0,0,0,11,0,6,0,12,0,0,0,0,0,0,0,0,0,TETU,80453.0,80453.0,6.463400991883461,1.7401464208917008,0.0,44,84.61538461538461,0.0,3.8461538461538463,0.0,0.0,0.0,0.0,0.0,21.153846153846153,0.0,11.538461538461538,0.0,23.076923076923077,0.0,0.0,0.0,0.0,0.0,0.0,0.0,0.0,0.0
THARAKA NORTH,12,27.0,0.0,12,0,0,0,0,0,0,0,6,0,3,0,6,0,0,0,0,0,0,0,0,0,THARAKA NORTH,58345.0,58345.0,2.056731510840689,4.627645899391551,0.0,12,100.0,0.0,0.0,0.0,0.0,0.0,0.0,0.0,50.0,0.0,25.0,0.0,50.0,0.0,0.0,0.0,0.0,0.0,0.0,0.0,0.0,0.0
THARAKA SOUTH,19,222.0,8.0,18,0,2,0,0,0,0,0,9,0,9,0,10,0,0,0,0,0,0,0,0,0,THARAKA SOUTH,75250.0,75250.0,2.524916943521595,29.501661129568106,1.06312292358804,18,94.73684210526315,0.0,10.526315789473683,0.0,0.0,0.0,0.0,0.0,47.368421052631575,0.0,47.368421052631575,0.0,52.63157894736842,0.0,0.0,0.0,0.0,0.0,0.0,0.0,0.0,0.0
THIKA EAST,16,104.0,30.0,16,0,4,0,0,0,0,0,14,0,6,0,14,0,0,0,0,0,0,0,0,0,THIKA EAST,38956.0,38956.0,4.1071978642571105,26.696786117671216,7.700995995482083,16,100.0,0.0,25.0,0.0,0.0,0.0,0.0,0.0,87.5,0.0,37.5,0.0,87.5,0.0,0.0,0.0,0.0,0.0,0.0,0.0,0.0,0.0
THIKA WEST,102,608.0,126.0,99,0,8,0,0,0,0,0,36,0,12,0,36,0,0,0,0,0,0,0,0,0,THIKA WEST,245820.0,245820.0,4.149377593360995,24.733544870230247,5.125701732975348,99,97.05882352941177,0.0,7.8431372549019605,0.0,0.0,0.0,0.0,0.0,35.294117647058826,0.0,11.76470588235294,0.0,35.294117647058826,0.0,0.0,0.0,0.0,0.0,0.0,0.0,0.0,0.0
TIGANIA EAST,22,141.0,3.0,19,0,1,0,0,0,0,0,9,0,12,0,0,0,0,0,0,0,0,0,0,0,TIGANIA EAST,72549.0,72549.0,3.0324332520089867,19.43514038787578,0.4135136252739528,19,86.36363636363636,0.0,4.545454545454546,0.0,0.0,0.0,0.0,0.0,40.909090909090914,0.0,54.54545454545454,0.0,0.0,0.0,0.0,0.0,0.0,0.0,0.0,0.0,0.0,0.0
TIGANIA WEST,25,74.0,2.0,24,0,1,0,0,0,0,0,13,0,12,0,0,0,0,0,0,0,0,0,0,0,TIGANIA WEST,139961.0,139961.0,1.786211873307564,5.28718714499039,0.14289694986460513,24,96.0,0.0,4.0,0.0,0.0,0.0,0.0,0.0,52.0,0.0,48.0,0.0,0.0,0.0,0.0,0.0,0.0,0.0,0.0,0.0,0.0,0.0
TINDERET,15,38.0,5.0,14,0,1,0,0,0,0,0,8,0,9,0,9,0,0,0,0,0,0,0,0,0,TINDERET,115931.0,115931.0,1.2938730796767042,3.2778118018476508,0.43129102655890145,14,93.33333333333333,0.0,6.666666666666667,0.0,0.0,0.0,0.0,0.0,53.333333333333336,0.0,60.0,0.0,60.0,0.0,0.0,0.0,0.0,0.0,0.0,0.0,0.0,0.0
TRANS MARA EAST,23,54.0,21.0,21,0,0,0,0,0,0,0,15,0,6,0,10,0,0,0,0,0,0,0,0,0,TRANS MARA EAST,111183.0,111183.0,2.0686615759603537,4.856857613124308,1.8887779606594535,21,91.30434782608695,0.0,0.0,0.0,0.0,0.0,0.0,0.0,65.21739130434783,0.0,26.08695652173913,0.0,43.47826086956522,0.0,0.0,0.0,0.0,0.0,0.0,0.0,0.0,0.0
TRANS MARA WEST DIKIRR,44,469.0,90.0,38,0,3,0,0,0,0,0,27,0,9,0,18,0,0,0,0,0,0,0,0,0,,,,,,,38,86.36363636363636,0.0,6.8181818181818175,0.0,0.0,0.0,0.0,0.0,61.36363636363637,0.0,20.454545454545457,0.0,40.909090909090914,0.0,0.0,0.0,0.0,0.0,0.0,0.0,0.0,0.0
TRANS NZOIA EAST,27,84.0,0.0,26,0,1,0,0,0,0,0,15,0,4,0,14,0,0,0,0,0,0,0,0,0,TRANS NZOIA EAST,229538.0,229538.0,1.1762758236109054,3.659524784567261,0.0,26,96.29629629629629,0.0,3.7037037037037033,0.0,0.0,0.0,0.0,0.0,55.55555555555556,0.0,14.814814814814813,0.0,51.85185185185185,0.0,0.0,0.0,0.0,0.0,0.0,0.0,0.0,0.0
TRANS NZOIA WEST,103,509.0,52.0,99,0,5,0,0,0,0,0,36,0,31,0,35,0,0,0,0,0,0,0,0,0,TRANS NZOIA WEST,202377.0,202377.0,5.089511159865005,25.15107942108046,2.569461944786216,99,96.11650485436894,0.0,4.854368932038835,0.0,0.0,0.0,0.0,0.0,34.95145631067961,0.0,30.097087378640776,0.0,33.980582524271846,0.0,0.0,0.0,0.0,0.0,0.0,0.0,0.0,0.0
TSEIKURU,11,43.0,12.0,10,0,1,0,0,0,0,0,5,0,5,0,4,0,0,0,0,0,0,0,0,0,TSEIKURU,40871.0,40871.0,2.691394876562844,10.520907244745663,2.936067138068557,10,90.9090909090909,0.0,9.090909090909092,0.0,0.0,0.0,0.0,0.0,45.45454545454545,0.0,45.45454545454545,0.0,36.36363636363637,0.0,0.0,0.0,0.0,0.0,0.0,0.0,0.0,0.0
TURKANA CENTRAL,49,351.0,61.0,48,0,6,0,0,0,0,0,10,0,7,0,12,0,0,0,0,0,0,0,0,0,TURKANA CENTRAL,185305.0,185305.0,2.644289144923235,18.941744691184805,3.291870160006476,48,97.95918367346938,0.0,12.244897959183673,0.0,0.0,0.0,0.0,0.0,20.408163265306122,0.0,14.285714285714285,0.0,24.489795918367346,0.0,0.0,0.0,0.0,0.0,0.0,0.0,0.0,0.0
TURKANA EAST,15,74.0,8.0,14,0,3,0,0,0,0,0,3,0,3,0,4,0,0,0,0,0,0,0,0,0,TURKANA EAST,138526.0,138526.0,1.0828292161760247,5.341957466468389,0.5775089152938798,14,93.33333333333333,0.0,20.0,0.0,0.0,0.0,0.0,0.0,20.0,0.0,20.0,0.0,26.666666666666668,0.0,0.0,0.0,0.0,0.0,0.0,0.0,0.0,0.0
TURKANA NORTH,27,20.0,1.0,21,0,3,0,0,0,0,0,8,0,4,0,10,0,0,0,0,0,0,0,0,0,TURKANA NORTH,65218.0,65218.0,4.139961360360637,3.0666380447115826,0.15333190223557913,21,77.77777777777779,0.0,11.11111111111111,0.0,0.0,0.0,0.0,0.0,29.629629629629626,0.0,14.814814814814813,0.0,37.03703703703704,0.0,0.0,0.0,0.0,0.0,0.0,0.0,0.0,0.0
TURKANA SOUTH,25,96.0,17.0,20,0,2,0,0,0,0,0,8,0,4,0,11,0,0,0,0,0,0,0,0,0,TURKANA SOUTH,153736.0,153736.0,1.6261643336629026,6.2444710412655455,1.1057917468907739,20,80.0,0.0,8.0,0.0,0.0,0.0,0.0,0.0,32.0,0.0,16.0,0.0,44.0,0.0,0.0,0.0,0.0,0.0,0.0,0.0,0.0,0.0
TURKANA WEST,31,169.0,14.0,24,0,3,0,0,0,0,0,17,0,3,0,11,0,0,0,0,0,0,0,0,0,TURKANA WEST,239627.0,239627.0,1.2936772567365113,7.05262762543453,0.5842413417519728,24,77.41935483870968,0.0,9.67741935483871,0.0,0.0,0.0,0.0,0.0,54.83870967741935,0.0,9.67741935483871,0.0,35.483870967741936,0.0,0.0,0.0,0.0,0.0,0.0,0.0,0.0,0.0
UGENYA,14,12.0,0.0,14,0,5,0,0,0,0,0,9,0,9,0,9,0,0,0,0,0,0,0,0,0,UGENYA,134354.0,134354.0,1.042023311550084,0.8931628384715007,0.0,14,100.0,0.0,35.714285714285715,0.0,0.0,0.0,0.0,0.0,64.28571428571429,0.0,64.28571428571429,0.0,64.28571428571429,0.0,0.0,0.0,0.0,0.0,0.0,0.0,0.0,0.0
UGUNJA,17,87.0,5.0,17,0,6,0,0,0,0,0,11,0,11,0,11,0,0,0,0,0,0,0,0,0,UGUNJA,104241.0,104241.0,1.6308362352625168,8.346044262814056,0.4796577162536814,17,100.0,0.0,35.294117647058826,0.0,0.0,0.0,0.0,0.0,64.70588235294117,0.0,64.70588235294117,0.0,64.70588235294117,0.0,0.0,0.0,0.0,0.0,0.0,0.0,0.0,0.0
URIRI,21,95.0,14.0,21,0,0,0,0,0,0,0,10,0,10,0,10,0,0,0,0,0,0,0,0,0,URIRI,141448.0,141448.0,1.4846445336802216,6.716249080934337,0.9897630224534811,21,100.0,0.0,0.0,0.0,0.0,0.0,0.0,0.0,47.61904761904761,0.0,47.61904761904761,0.0,47.61904761904761,0.0,0.0,0.0,0.0,0.0,0.0,0.0,0.0,0.0
VIHIGA,16,262.0,33.0,15,0,3,0,0,0,0,0,10,0,8,0,9,0,0,0,0,0,0,0,0,0,VIHIGA,590013.0,590013.0,0.2711804655151666,4.440580122810854,0.5593097101250312,15,93.75,0.0,18.75,0.0,0.0,0.0,0.0,0.0,62.5,0.0,50.0,0.0,56.25,0.0,0.0,0.0,0.0,0.0,0.0,0.0,0.0,0.0
VIHIGA,16,262.0,33.0,15,0,3,0,0,0,0,0,10,0,8,0,9,0,0,0,0,0,0,0,0,0,VIHIGA,95292.0,95292.0,1.6790496578936323,27.494438148008225,3.4630399194056167,15,93.75,0.0,18.75,0.0,0.0,0.0,0.0,0.0,62.5,0.0,50.0,0.0,56.25,0.0,0.0,0.0,0.0,0.0,0.0,0.0,0.0,0.0
VOI,27,155.0,4.0,27,0,0,0,0,0,0,0,0,0,18,0,13,0,0,0,0,0,0,0,0,0,VOI,111831.0,111831.0,2.414357378544411,13.860199765717914,0.35768257459917197,27,100.0,0.0,0.0,0.0,0.0,0.0,0.0,0.0,0.0,0.0,66.66666666666666,0.0,48.148148148148145,0.0,0.0,0.0,0.0,0.0,0.0,0.0,0.0,0.0
WAJIR EAST,58,312.0,18.0,48,0,1,0,0,0,0,0,13,0,1,0,8,0,0,0,0,0,0,0,0,0,WAJIR EAST,110654.0,110654.0,5.241563793446238,28.195998337159075,1.626692211759177,48,82.75862068965517,0.0,1.7241379310344827,0.0,0.0,0.0,0.0,0.0,22.413793103448278,0.0,1.7241379310344827,0.0,13.793103448275861,0.0,0.0,0.0,0.0,0.0,0.0,0.0,0.0,0.0
WAJIR NORTH,13,30.0,2.0,11,0,1,0,0,0,0,0,7,0,7,0,5,0,0,0,0,0,0,0,0,0,WAJIR NORTH,62206.0,62206.0,2.0898305629682024,4.822685914542006,0.3215123943028004,11,84.61538461538461,0.0,7.6923076923076925,0.0,0.0,0.0,0.0,0.0,53.84615384615385,0.0,53.84615384615385,0.0,38.46153846153847,0.0,0.0,0.0,0.0,0.0,0.0,0.0,0.0,0.0
WAJIR SOUTH,12,30.0,1.0,8,0,0,0,0,0,0,0,3,0,0,0,4,0,0,0,0,0,0,0,0,0,WAJIR SOUTH,116814.0,116814.0,1.0272741281010838,2.5681853202527094,0.08560617734175698,8,66.66666666666666,0.0,0.0,0.0,0.0,0.0,0.0,0.0,25.0,0.0,0.0,0.0,33.33333333333333,0.0,0.0,0.0,0.0,0.0,0.0,0.0,0.0,0.0
WAJIR WEST,21,40.0,5.0,17,0,1,0,0,0,0,0,10,0,10,0,10,0,0,0,0,0,0,0,0,0,WAJIR WEST,121828.0,121828.0,1.7237416685819351,3.283317463965591,0.4104146829956989,17,80.95238095238095,0.0,4.761904761904762,0.0,0.0,0.0,0.0,0.0,47.61904761904761,0.0,47.61904761904761,0.0,47.61904761904761,0.0,0.0,0.0,0.0,0.0,0.0,0.0,0.0,0.0
WARENG,53,160.0,24.0,42,0,2,0,0,0,0,0,31,0,0,0,37,0,0,0,0,0,0,0,0,0,,,,,,,42,79.24528301886792,0.0,3.7735849056603774,0.0,0.0,0.0,0.0,0.0,58.490566037735846,0.0,0.0,0.0,69.81132075471697,0.0,0.0,0.0,0.0,0.0,0.0,0.0,0.0,0.0
WEST POKOT,104,420.0,20.0,86,0,2,0,0,0,0,0,48,0,32,0,46,0,0,0,0,0,0,0,0,0,WEST POKOT,621241.0,621241.0,1.6740685176928116,6.76066132145174,0.3219362534024638,86,82.6923076923077,0.0,1.9230769230769231,0.0,0.0,0.0,0.0,0.0,46.15384615384615,0.0,30.76923076923077,0.0,44.230769230769226,0.0,0.0,0.0,0.0,0.0,0.0,0.0,0.0,0.0
WEST POKOT,104,420.0,20.0,86,0,2,0,0,0,0,0,48,0,32,0,46,0,0,0,0,0,0,0,0,0,WEST POKOT,184446.0,184446.0,5.638506663196817,22.770892293679452,1.0843282044609261,86,82.6923076923077,0.0,1.9230769230769231,0.0,0.0,0.0,0.0,0.0,46.15384615384615,0.0,30.76923076923077,0.0,44.230769230769226,0.0,0.0,0.0,0.0,0.0,0.0,0.0,0.0,0.0
WESTLANDS,72,633.0,32.0,71,0,7,0,0,0,0,0,15,0,14,0,17,0,0,0,0,0,0,0,0,0,WESTLANDS,308854.0,308854.0,2.331198559837334,20.49512067190323,1.036088248816593,71,98.61111111111111,0.0,9.722222222222223,0.0,0.0,0.0,0.0,0.0,20.833333333333336,0.0,19.444444444444446,0.0,23.61111111111111,0.0,0.0,0.0,0.0,0.0,0.0,0.0,0.0,0.0
WUNDANYI,24,101.0,3.0,19,0,0,0,0,0,0,0,0,0,18,0,15,0,0,0,0,0,0,0,0,0,,,,,,,19,79.16666666666666,0.0,0.0,0.0,0.0,0.0,0.0,0.0,0.0,0.0,75.0,0.0,62.5,0.0,0.0,0.0,0.0,0.0,0.0,0.0,0.0,0.0
YATTA,49,157.0,21.0,45,0,2,0,0,0,0,0,15,0,15,0,18,0,0,0,0,0,0,0,0,0,YATTA,172583.0,172583.0,2.8392135957771045,9.097072133408272,1.2168058267616162,45,91.83673469387756,0.0,4.081632653061225,0.0,0.0,0.0,0.0,0.0,30.612244897959183,0.0,30.612244897959183,0.0,36.734693877551024,0.0,0.0,0.0,0.0,0.0,0.0,0.0,0.0,0.0
